cust_no,Total Sales,Most Purchased Category,Preferred Time Slot
1000000005185,94.0,에스프레소 베리에이션,t_8to11
1000000005457,5.0,에스프레소 베리에이션,t_17to20
1000000007688,88.0,에스프레소 베리에이션,t_17to20
1000000009130,62.0,음료,t_14to17
1000000010724,47.0,에스프레소 베리에이션,t_11to14
1000000011890,78.0,에스프레소 베리에이션,t_14to17
1000000014359,14.0,에스프레소 베리에이션,t_14to17
1000000014420,10.0,에스프레소 베리에이션,t_17to20
1000000014530,32.0,에스프레소 베리에이션,t_17to20
1000000015194,68.0,에스프레소 베리에이션,t_14to17
1000000015966,48.0,에스프레소 베리에이션,t_14to17
1000000016386,55.0,에스프레소 베리에이션,t_11to14
1000000016828,102.0,에스프레소 베리에이션,t_20to22
1000000017084,26.0,에스프레소 베리에이션,t_20to22
1000000017316,80.0,에스프레소 베리에이션,t_17to20
1000000017672,229.0,에스프레소 베리에이션,t_8to11
1000000017803,282.0,에스프레소 베리에이션,t_8to11
1000000017917,216.0,에스프레소 베리에이션,t_14to17
1000000018076,152.0,에스프레소 베리에이션,t_8to11
1000000018390,160.0,에스프레소 베리에이션,t_11to14
1000000018780,104.0,에스프레소 베리에이션,t_11to14
1000000019284,147.0,에스프레소 베리에이션,t_8to11
1000000019630,73.0,에스프레소 베리에이션,t_11to14
1000000020330,74.0,에스프레소 베리에이션,t_11to14
1000000020701,636.0,에스프레소 베리에이션,t_11to14
1000000020815,23.0,에스프레소 베리에이션,t_11to14
1000000020847,79.0,에스프레소 베리에이션,t_11to14
1000000020985,173.0,에스프레소 베리에이션,t_11to14
1000000021922,27.0,에스프레소 베리에이션,t_17to20
1000000021956,72.0,에스프레소 베리에이션,t_14to17
1000000021981,252.0,에스프레소 베리에이션,t_11to14
1000000022114,179.0,에스프레소 베리에이션,t_11to14
1000000022796,213.0,에스프레소 베리에이션,t_14to17
1000000023006,227.0,에스프레소 베리에이션,t_14to17
1000000023555,74.0,에스프레소 베리에이션,t_14to17
1000000026791,40.0,에스프레소 베리에이션,t_14to17
1000000028080,55.0,에스프레소 베리에이션,t_11to14
1000000028992,44.0,에스프레소 베리에이션,t_11to14
1000000029000,68.0,에스프레소 베리에이션,t_14to17
1000000029198,16.0,에스프레소 베리에이션,t_20to22
1000000030010,160.0,티 베리에이션,t_11to14
1000000030233,179.0,에스프레소 베리에이션,t_5to8
1000000030336,49.0,에스프레소 베리에이션,t_5to8
1000000030517,199.0,에스프레소 베리에이션,t_8to11
1000000031642,126.0,에스프레소 베리에이션,t_11to14
1000000031828,33.0,음료,t_14to17
1000000031845,344.0,에스프레소 베리에이션,t_8to11
1000000032242,179.0,에스프레소 베리에이션,t_8to11
1000000032436,41.0,음료,t_11to14
1000000032617,121.0,에스프레소 베리에이션,t_11to14
1000000032879,264.0,에스프레소 베리에이션,t_11to14
1000000032914,83.0,에스프레소 베리에이션,t_14to17
1000000034061,76.0,에스프레소 베리에이션,t_11to14
1000000035014,65.0,에스프레소 베리에이션,t_8to11
1000000035352,154.0,에스프레소 베리에이션,t_8to11
1000000036292,626.0,에스프레소 베리에이션,t_20to22
1000000037032,348.0,에스프레소 베리에이션,t_11to14
1000000037145,110.0,에스프레소 베리에이션,t_14to17
1000000037561,79.0,에스프레소 베리에이션,t_11to14
1000000037735,109.0,에스프레소 베리에이션,t_14to17
1000000037757,108.0,에스프레소 베리에이션,t_11to14
1000000038224,52.0,에스프레소 베리에이션,t_17to20
1000000038291,22.0,음료,t_14to17
1000000038293,25.0,에스프레소 베리에이션,t_14to17
1000000038456,29.0,에스프레소 베리에이션,t_14to17
1000000039395,67.0,에스프레소 베리에이션,t_17to20
1000000041198,183.0,에스프레소 베리에이션,t_8to11
1000000041318,277.0,에스프레소 베리에이션,t_8to11
1000000041753,24.0,에스프레소 베리에이션,t_8to11
1000000042344,157.0,에스프레소 베리에이션,t_14to17
1000000042719,153.0,에스프레소 베리에이션,t_8to11
1000000043045,216.0,에스프레소 베리에이션,t_11to14
1000000043155,63.0,에스프레소 베리에이션,t_11to14
1000000045006,107.0,에스프레소 베리에이션,t_11to14
1000000045149,72.0,에스프레소 베리에이션,t_11to14
1000000045799,108.0,에스프레소 베리에이션,t_11to14
1000000046097,50.0,에스프레소 베리에이션,t_14to17
1000000046233,17.0,음료,t_14to17
1000000046885,418.0,에스프레소 베리에이션,t_11to14
1000000047609,186.0,음료,t_8to11
1000000048139,48.0,에스프레소 베리에이션,t_14to17
1000000049453,103.0,에스프레소 베리에이션,t_17to20
1000000050972,67.0,에스프레소 베리에이션,t_17to20
1000000051778,537.0,티 베리에이션,t_8to11
1000000052247,48.0,에스프레소 베리에이션,t_8to11
1000000052990,68.0,에스프레소 베리에이션,t_11to14
1000000054207,22.0,에스프레소 베리에이션,t_11to14
1000000054417,45.0,에스프레소 베리에이션,t_11to14
1000000054806,15.0,에스프레소 베리에이션,t_11to14
1000000054892,76.0,에스프레소 베리에이션,t_14to17
1000000055573,35.0,에스프레소 베리에이션,t_11to14
1000000057812,153.0,에스프레소 베리에이션,t_11to14
1000000057838,60.0,음료,t_14to17
1000000058496,43.0,에스프레소 베리에이션,t_14to17
1000000058820,40.0,에스프레소 베리에이션,t_14to17
1000000058890,92.0,에스프레소 베리에이션,t_17to20
1000000060020,79.0,에스프레소 베리에이션,t_17to20
1000000060544,30.0,에스프레소 베리에이션,t_11to14
1000000061231,29.0,에스프레소 베리에이션,t_14to17
1000000061455,74.0,에스프레소 베리에이션,t_8to11
1000000061597,202.0,에스프레소 베리에이션,t_17to20
1000000062013,76.0,에스프레소 베리에이션,t_11to14
1000000062895,47.0,에스프레소 베리에이션,t_11to14
1000000063541,214.0,에스프레소 베리에이션,t_17to20
1000000064337,51.0,티 베리에이션,t_14to17
1000000064797,23.0,에스프레소 베리에이션,t_11to14
1000000066506,29.0,에스프레소 베리에이션,t_14to17
1000000066850,28.0,에스프레소 베리에이션,t_14to17
1000000067315,35.0,에스프레소 베리에이션,t_11to14
1000000067871,46.0,에스프레소 베리에이션,t_11to14
1000000068124,17.0,에스프레소 베리에이션,t_11to14
1000000068535,57.0,에스프레소 베리에이션,t_17to20
1000000068855,143.0,에스프레소 베리에이션,t_17to20
1000000069474,72.0,에스프레소 베리에이션,t_14to17
1000000070101,102.0,에스프레소 베리에이션,t_14to17
1000000070413,479.0,에스프레소 베리에이션,t_11to14
1000000070437,43.0,에스프레소 베리에이션,t_8to11
1000000070628,122.0,에스프레소 베리에이션,t_8to11
1000000070684,99.0,에스프레소 베리에이션,t_11to14
1000000071812,31.0,에스프레소 베리에이션,t_11to14
1000000071858,66.0,에스프레소 베리에이션,t_11to14
1000000072197,44.0,음료,t_14to17
1000000072443,28.0,에스프레소 베리에이션,t_11to14
1000000073739,80.0,에스프레소 베리에이션,t_8to11
1000000075075,126.0,에스프레소 베리에이션,t_8to11
1000000076150,140.0,에스프레소 베리에이션,t_17to20
1000000076205,182.0,에스프레소 베리에이션,t_14to17
1000000076248,253.0,에스프레소 베리에이션,t_14to17
1000000076266,28.0,에스프레소 베리에이션,t_11to14
1000000076749,49.0,에스프레소 베리에이션,t_20to22
1000000078485,361.0,에스프레소 베리에이션,t_17to20
1000000079371,27.0,티 베리에이션,t_14to17
1000000079757,29.0,에스프레소 베리에이션,t_14to17
1000000080552,48.0,음료,t_17to20
1000000081246,51.0,에스프레소 베리에이션,t_14to17
1000000082643,82.0,에스프레소 베리에이션,t_11to14
1000000084756,39.0,에스프레소 베리에이션,t_5to8
1000000084863,30.0,에스프레소 베리에이션,t_11to14
1000000086536,92.0,음료,t_17to20
1000000087499,107.0,에스프레소 베리에이션,t_17to20
1000000087628,38.0,에스프레소 베리에이션,t_17to20
1000000088186,34.0,에스프레소 베리에이션,t_11to14
1000000088578,45.0,에스프레소 베리에이션,t_17to20
1000000089173,545.0,에스프레소 베리에이션,t_8to11
1000000092889,65.0,에스프레소 베리에이션,t_17to20
1000000096070,133.0,에스프레소 베리에이션,t_8to11
1000000096373,22.0,에스프레소 베리에이션,t_17to20
1000000096986,6.0,에스프레소 베리에이션,t_14to17
1000000097185,227.0,에스프레소 베리에이션,t_14to17
1000000097824,49.0,에스프레소 베리에이션,t_8to11
1000000098144,31.0,에스프레소 베리에이션,t_8to11
1000000099284,75.0,티 베리에이션,t_11to14
1000000099321,92.0,에스프레소 베리에이션,t_11to14
1000000099624,256.0,에스프레소 베리에이션,t_11to14
1000000099785,142.0,에스프레소 베리에이션,t_11to14
1000000100526,48.0,에스프레소 베리에이션,t_8to11
1000000101424,33.0,음료,t_14to17
1000000102416,46.0,에스프레소 베리에이션,t_14to17
1000000103455,51.0,음료,t_17to20
1000000104827,118.0,에스프레소 베리에이션,t_8to11
1000000104842,49.0,에스프레소 베리에이션,t_8to11
1000000106600,123.0,에스프레소 베리에이션,t_11to14
1000000106799,22.0,에스프레소 베리에이션,t_11to14
1000000108394,61.0,에스프레소 베리에이션,t_11to14
1000000110973,74.0,에스프레소 베리에이션,t_11to14
1000000112302,144.0,에스프레소 베리에이션,t_8to11
1000000112374,35.0,에스프레소 베리에이션,t_8to11
1000000112686,540.0,에스프레소 베리에이션,t_11to14
1000000113320,337.0,에스프레소 베리에이션,t_14to17
1000000114165,146.0,티 베리에이션,t_14to17
1000000114320,32.0,에스프레소 베리에이션,t_11to14
1000000115960,32.0,에스프레소 베리에이션,t_14to17
1000000118030,101.0,에스프레소 베리에이션,t_11to14
1000000118253,128.0,에스프레소 베리에이션,t_14to17
1000000119364,75.0,에스프레소 베리에이션,t_11to14
1000000120229,90.0,에스프레소 베리에이션,t_17to20
1000000121202,34.0,에스프레소 베리에이션,t_11to14
1000000121536,67.0,에스프레소 베리에이션,t_5to8
1000000121969,33.0,에스프레소 베리에이션,t_8to11
1000000122032,40.0,음료,t_14to17
1000000122303,51.0,에스프레소 베리에이션,t_8to11
1000000123644,44.0,에스프레소 베리에이션,t_8to11
1000000123681,84.0,에스프레소 베리에이션,t_14to17
1000000123769,186.0,에스프레소 베리에이션,t_11to14
1000000124707,32.0,음료,t_14to17
1000000126336,39.0,에스프레소 베리에이션,t_8to11
1000000127776,76.0,에스프레소 베리에이션,t_8to11
1000000129736,23.0,에스프레소 베리에이션,t_8to11
1000000131146,103.0,에스프레소 베리에이션,t_8to11
1000000131474,27.0,에스프레소 베리에이션,t_8to11
1000000136261,42.0,음료,t_14to17
1000000136954,29.0,에스프레소 베리에이션,t_11to14
1000000139077,28.0,음료,t_14to17
1000000139432,41.0,에스프레소 베리에이션,t_14to17
1000000140739,33.0,에스프레소 베리에이션,t_8to11
1000000141978,37.0,에스프레소 베리에이션,t_11to14
1000000142071,38.0,에스프레소 베리에이션,t_11to14
1000000149814,90.0,에스프레소 베리에이션,t_8to11
1000000150548,17.0,에스프레소 베리에이션,t_11to14
1000000150603,25.0,에스프레소 베리에이션,t_11to14
1000000151700,265.0,에스프레소 베리에이션,t_11to14
1000000154366,86.0,에스프레소 베리에이션,t_14to17
1000000154597,47.0,에스프레소 베리에이션,t_14to17
1000000155788,41.0,음료,t_11to14
1000000156954,101.0,에스프레소 베리에이션,t_11to14
1000000157553,75.0,에스프레소 베리에이션,t_8to11
1000000157684,39.0,에스프레소 베리에이션,t_8to11
1000000159056,35.0,에스프레소 베리에이션,t_11to14
1000000160203,37.0,에스프레소 베리에이션,t_11to14
1000000161284,41.0,에스프레소 베리에이션,t_14to17
1000000161827,63.0,에스프레소 베리에이션,t_14to17
1000000164422,27.0,에스프레소 베리에이션,t_17to20
1000000164580,51.0,에스프레소 베리에이션,t_11to14
1000000164641,38.0,에스프레소 베리에이션,t_20to22
1000000164735,258.0,에스프레소 베리에이션,t_8to11
1000000165207,27.0,에스프레소 베리에이션,t_8to11
1000000165404,59.0,에스프레소 베리에이션,t_8to11
1000000165612,18.0,에스프레소 베리에이션,t_8to11
1000000165621,67.0,에스프레소 베리에이션,t_14to17
1000000166009,95.0,에스프레소 베리에이션,t_17to20
1000000167951,95.0,티 베리에이션,t_8to11
1000000169893,62.0,음료,t_11to14
1000000170386,31.0,에스프레소 베리에이션,t_11to14
1000000171084,73.0,에스프레소 베리에이션,t_8to11
1000000171729,30.0,에스프레소 베리에이션,t_14to17
1000000173231,33.0,에스프레소 베리에이션,t_11to14
1000000173487,174.0,에스프레소 베리에이션,t_14to17
1000000174396,6.0,에스프레소 베리에이션,t_14to17
1000000174535,53.0,에스프레소 베리에이션,t_11to14
1000000175157,75.0,에스프레소 베리에이션,t_11to14
1000000175271,46.0,에스프레소 베리에이션,t_11to14
1000000175340,41.0,음료,t_14to17
1000000175454,67.0,에스프레소 베리에이션,t_14to17
1000000175528,83.0,에스프레소 베리에이션,t_14to17
1000000175598,25.0,에스프레소 베리에이션,t_11to14
1000000177795,83.0,에스프레소 베리에이션,t_5to8
1000000179891,41.0,에스프레소 베리에이션,t_11to14
1000000180316,17.0,에스프레소 베리에이션,t_8to11
1000000181157,47.0,티 베리에이션,t_8to11
1000000182326,172.0,에스프레소 베리에이션,t_11to14
1000000182870,46.0,에스프레소 베리에이션,t_11to14
1000000183409,32.0,음료,t_17to20
1000000184382,154.0,에스프레소 베리에이션,t_11to14
1000000187781,61.0,에스프레소 베리에이션,t_20to22
1000000189004,22.0,에스프레소 베리에이션,t_8to11
1000000189198,135.0,에스프레소 베리에이션,t_14to17
1000000190974,53.0,에스프레소 베리에이션,t_17to20
1000000191014,260.0,에스프레소 베리에이션,t_11to14
1000000192155,31.0,에스프레소 베리에이션,t_11to14
1000000192427,44.0,에스프레소 베리에이션,t_11to14
1000000192640,49.0,에스프레소 베리에이션,t_14to17
1000000192947,49.0,에스프레소 베리에이션,t_14to17
1000000193914,45.0,에스프레소 베리에이션,t_17to20
1000000196468,26.0,에스프레소 베리에이션,t_11to14
1000000197141,115.0,에스프레소 베리에이션,t_8to11
1000000200590,48.0,에스프레소 베리에이션,t_14to17
1000000203573,21.0,음료,t_14to17
1000000204592,42.0,에스프레소 베리에이션,t_11to14
1000000204942,20.0,에스프레소 베리에이션,t_17to20
1000000205247,99.0,에스프레소 베리에이션,t_11to14
1000000205515,33.0,에스프레소 베리에이션,t_17to20
1000000205829,72.0,에스프레소 베리에이션,t_11to14
1000000206411,41.0,에스프레소 베리에이션,t_14to17
1000000207709,21.0,에스프레소 베리에이션,t_11to14
1000000207714,194.0,에스프레소 베리에이션,t_14to17
1000000209387,46.0,에스프레소 베리에이션,t_14to17
1000000210427,29.0,에스프레소 베리에이션,t_14to17
1000000210768,49.0,에스프레소 베리에이션,t_11to14
1000000212142,12.0,에스프레소 베리에이션,t_8to11
1000000212673,127.0,에스프레소 베리에이션,t_8to11
1000000213479,29.0,에스프레소 베리에이션,t_11to14
1000000215900,58.0,에스프레소 베리에이션,t_8to11
1000000217083,55.0,에스프레소 베리에이션,t_14to17
1000000218042,109.0,에스프레소 베리에이션,t_17to20
1000000220551,52.0,에스프레소 베리에이션,t_8to11
1000000223734,50.0,에스프레소 베리에이션,t_8to11
1000000224871,67.0,에스프레소 베리에이션,t_14to17
1000000225122,31.0,에스프레소 베리에이션,t_17to20
1000000226266,86.0,에스프레소 베리에이션,t_17to20
1000000226417,169.0,에스프레소 베리에이션,t_14to17
1000000228371,32.0,에스프레소 베리에이션,t_8to11
1000000228809,80.0,에스프레소 베리에이션,t_8to11
1000000229209,33.0,에스프레소 베리에이션,t_11to14
1000000230971,12.0,에스프레소 베리에이션,t_11to14
1000000234179,51.0,에스프레소 베리에이션,t_11to14
1000000235167,34.0,에스프레소 베리에이션,t_11to14
1000000235696,43.0,에스프레소 베리에이션,t_8to11
1000000236264,630.0,에스프레소 베리에이션,t_11to14
1000000236410,63.0,에스프레소 베리에이션,t_14to17
1000000238111,29.0,티 베리에이션,t_14to17
1000000239309,18.0,에스프레소 베리에이션,t_14to17
1000000239332,33.0,에스프레소 베리에이션,t_14to17
1000000240425,27.0,에스프레소 베리에이션,t_17to20
1000000240482,48.0,에스프레소 베리에이션,t_14to17
1000000241936,45.0,에스프레소 베리에이션,t_14to17
1000000242887,67.0,에스프레소 베리에이션,t_14to17
1000000244605,33.0,에스프레소 베리에이션,t_17to20
1000000244953,86.0,에스프레소 베리에이션,t_11to14
1000000245449,87.0,에스프레소 베리에이션,t_14to17
1000000245572,30.0,음료,t_11to14
1000000245864,187.0,에스프레소 베리에이션,t_14to17
1000000246171,105.0,에스프레소 베리에이션,t_11to14
1000000247834,45.0,에스프레소 베리에이션,t_11to14
1000000249511,2.0,에스프레소 베리에이션,t_11to14
1000000249993,38.0,에스프레소 베리에이션,t_11to14
1000000250426,85.0,에스프레소 베리에이션,t_14to17
1000000250567,132.0,음료,t_11to14
1000000253069,108.0,에스프레소 베리에이션,t_11to14
1000000259643,81.0,에스프레소 베리에이션,t_8to11
1000000261087,61.0,음료,t_11to14
1000000261556,27.0,에스프레소 베리에이션,t_14to17
1000000261739,22.0,에스프레소 베리에이션,t_14to17
1000000262920,38.0,에스프레소 베리에이션,t_11to14
1000000265625,258.0,에스프레소 베리에이션,t_8to11
1000000266145,109.0,음료,t_8to11
1000000266497,133.0,에스프레소 베리에이션,t_8to11
1000000267711,53.0,에스프레소 베리에이션,t_11to14
1000000267897,43.0,에스프레소 베리에이션,t_11to14
1000000267949,144.0,에스프레소 베리에이션,t_11to14
1000000268396,130.0,에스프레소 베리에이션,t_8to11
1000000273675,52.0,에스프레소 베리에이션,t_14to17
1000000273978,72.0,에스프레소 베리에이션,t_8to11
1000000280604,62.0,에스프레소 베리에이션,t_11to14
1000000280987,33.0,에스프레소 베리에이션,t_8to11
1000000281011,109.0,에스프레소 베리에이션,t_8to11
1000000281860,17.0,에스프레소 베리에이션,t_11to14
1000000281887,31.0,에스프레소 베리에이션,t_11to14
1000000282210,66.0,에스프레소 베리에이션,t_11to14
1000000282499,24.0,에스프레소 베리에이션,t_11to14
1000000284187,26.0,에스프레소 베리에이션,t_11to14
1000000284277,29.0,에스프레소 베리에이션,t_14to17
1000000285699,33.0,에스프레소 베리에이션,t_14to17
1000000285940,196.0,에스프레소 베리에이션,t_11to14
1000000286160,20.0,에스프레소 베리에이션,t_11to14
1000000286300,53.0,에스프레소 베리에이션,t_14to17
1000000288356,65.0,에스프레소 베리에이션,t_14to17
1000000290131,55.0,음료,t_17to20
1000000290444,29.0,에스프레소 베리에이션,t_14to17
1000000291620,104.0,음료,t_11to14
1000000295067,43.0,에스프레소 베리에이션,t_17to20
1000000295114,95.0,에스프레소 베리에이션,t_14to17
1000000295935,24.0,에스프레소 베리에이션,t_11to14
1000000296575,127.0,에스프레소 베리에이션,t_14to17
1000000297442,79.0,에스프레소 베리에이션,t_14to17
1000000298604,22.0,음료,t_17to20
1000000300262,64.0,에스프레소 베리에이션,t_14to17
1000000300442,31.0,음료,t_20to22
1000000301044,39.0,에스프레소 베리에이션,t_17to20
1000000304167,59.0,에스프레소 베리에이션,t_8to11
1000000310734,210.0,에스프레소 베리에이션,t_14to17
1000000311072,125.0,에스프레소 베리에이션,t_8to11
1000000311165,476.0,에스프레소 베리에이션,t_8to11
1000000311407,138.0,에스프레소 베리에이션,t_11to14
1000000313939,40.0,에스프레소 베리에이션,t_14to17
1000000314505,62.0,에스프레소 베리에이션,t_20to22
1000000316048,202.0,티 베리에이션,t_11to14
1000000316113,51.0,에스프레소 베리에이션,t_17to20
1000000317953,21.0,에스프레소 베리에이션,t_11to14
1000000319522,101.0,티 베리에이션,t_11to14
1000000320201,443.0,에스프레소 베리에이션,t_11to14
1000000320415,233.0,에스프레소 베리에이션,t_11to14
1000000320540,93.0,에스프레소 베리에이션,t_8to11
1000000320666,37.0,에스프레소 베리에이션,t_11to14
1000000321277,42.0,에스프레소 베리에이션,t_17to20
1000000322668,45.0,에스프레소 베리에이션,t_14to17
1000000323869,142.0,에스프레소 베리에이션,t_8to11
1000000324122,44.0,에스프레소 베리에이션,t_17to20
1000000326772,118.0,에스프레소 베리에이션,t_14to17
1000000327245,63.0,에스프레소 베리에이션,t_11to14
1000000328529,71.0,에스프레소 베리에이션,t_14to17
1000000332199,269.0,에스프레소 베리에이션,t_11to14
1000000332250,41.0,에스프레소 베리에이션,t_11to14
1000000332719,46.0,에스프레소 베리에이션,t_8to11
1000000332734,250.0,에스프레소 베리에이션,t_8to11
1000000334424,51.0,에스프레소 베리에이션,t_14to17
1000000337692,110.0,음료,t_17to20
1000000338921,163.0,에스프레소 베리에이션,t_14to17
1000000339046,37.0,에스프레소 베리에이션,t_8to11
1000000339229,49.0,에스프레소 베리에이션,t_11to14
1000000340178,190.0,에스프레소 베리에이션,t_11to14
1000000340482,90.0,에스프레소 베리에이션,t_8to11
1000000341134,143.0,음료,t_11to14
1000000341274,102.0,에스프레소 베리에이션,t_11to14
1000000342030,38.0,에스프레소 베리에이션,t_14to17
1000000343091,26.0,에스프레소 베리에이션,t_11to14
1000000343108,61.0,에스프레소 베리에이션,t_8to11
1000000345963,35.0,음료,t_14to17
1000000350048,28.0,에스프레소 베리에이션,t_14to17
1000000352449,29.0,에스프레소 베리에이션,t_14to17
1000000356386,27.0,에스프레소 베리에이션,t_14to17
1000000357316,112.0,티 베리에이션,t_11to14
1000000359087,25.0,티 베리에이션,t_20to22
1000000359262,110.0,에스프레소 베리에이션,t_11to14
1000000360050,38.0,에스프레소 베리에이션,t_14to17
1000000361833,34.0,에스프레소 베리에이션,t_8to11
1000000361989,41.0,에스프레소 베리에이션,t_8to11
1000000363171,28.0,음료,t_11to14
1000000363952,73.0,에스프레소 베리에이션,t_11to14
1000000366587,71.0,에스프레소 베리에이션,t_11to14
1000000367342,216.0,음료,t_8to11
1000000367994,41.0,에스프레소 베리에이션,t_11to14
1000000368137,151.0,에스프레소 베리에이션,t_14to17
1000000368990,55.0,에스프레소 베리에이션,t_11to14
1000000369912,40.0,에스프레소 베리에이션,t_11to14
1000000370963,94.0,에스프레소 베리에이션,t_11to14
1000000371297,33.0,에스프레소 베리에이션,t_14to17
1000000372016,39.0,에스프레소 베리에이션,t_8to11
1000000373527,33.0,에스프레소 베리에이션,t_11to14
1000000374560,37.0,에스프레소 베리에이션,t_17to20
1000000374794,72.0,에스프레소 베리에이션,t_11to14
1000000375732,85.0,에스프레소 베리에이션,t_11to14
1000000375894,60.0,에스프레소 베리에이션,t_14to17
1000000376172,29.0,에스프레소 베리에이션,t_8to11
1000000376518,50.0,에스프레소 베리에이션,t_11to14
1000000377645,71.0,에스프레소 베리에이션,t_14to17
1000000379811,49.0,음료,t_14to17
1000000379872,129.0,에스프레소 베리에이션,t_11to14
1000000380720,49.0,에스프레소 베리에이션,t_11to14
1000000380746,122.0,에스프레소 베리에이션,t_8to11
1000000381345,46.0,에스프레소 베리에이션,t_14to17
1000000381988,32.0,에스프레소 베리에이션,t_11to14
1000000382408,17.0,음료,t_17to20
1000000384354,103.0,에스프레소 베리에이션,t_20to22
1000000385502,109.0,에스프레소 베리에이션,t_11to14
1000000385900,67.0,에스프레소 베리에이션,t_11to14
1000000385996,157.0,에스프레소 베리에이션,t_8to11
1000000387094,32.0,에스프레소 베리에이션,t_17to20
1000000389960,35.0,에스프레소 베리에이션,t_8to11
1000000390241,22.0,에스프레소 베리에이션,t_11to14
1000000391157,16.0,음료,t_14to17
1000000391721,89.0,에스프레소 베리에이션,t_14to17
1000000392560,31.0,에스프레소 베리에이션,t_14to17
1000000393098,19.0,에스프레소 베리에이션,t_20to22
1000000395404,52.0,에스프레소 베리에이션,t_11to14
1000000395575,78.0,에스프레소 베리에이션,t_8to11
1000000398031,60.0,에스프레소 베리에이션,t_11to14
1000000398824,60.0,에스프레소 베리에이션,t_8to11
1000000401565,47.0,에스프레소 베리에이션,t_11to14
1000000402654,32.0,에스프레소 베리에이션,t_14to17
1000000402952,28.0,에스프레소 베리에이션,t_11to14
1000000407165,38.0,에스프레소 베리에이션,t_8to11
1000000410322,43.0,에스프레소 베리에이션,t_8to11
1000000414494,271.0,에스프레소 베리에이션,t_17to20
1000000416719,79.0,에스프레소 베리에이션,t_8to11
1000000418559,44.0,음료,t_11to14
1000000419452,52.0,에스프레소 베리에이션,t_11to14
1000000430893,116.0,에스프레소 베리에이션,t_11to14
1000000433161,61.0,에스프레소 베리에이션,t_17to20
1000000433563,28.0,에스프레소 베리에이션,t_11to14
1000000434075,44.0,티 베리에이션,t_17to20
1000000435990,55.0,에스프레소 베리에이션,t_11to14
1000000437322,73.0,에스프레소 베리에이션,t_11to14
1000000439719,149.0,에스프레소 베리에이션,t_11to14
1000000440117,90.0,에스프레소 베리에이션,t_11to14
1000000440140,73.0,에스프레소 베리에이션,t_11to14
1000000442057,22.0,에스프레소 베리에이션,t_17to20
1000000444947,28.0,에스프레소 베리에이션,t_11to14
1000000445440,108.0,에스프레소 베리에이션,t_17to20
1000000446836,18.0,음료,t_14to17
1000000446860,33.0,에스프레소 베리에이션,t_14to17
1000000447226,64.0,음료,t_11to14
1000000447310,84.0,에스프레소 베리에이션,t_14to17
1000000448166,92.0,에스프레소 베리에이션,t_8to11
1000000450149,17.0,티 베리에이션,t_8to11
1000000451996,202.0,에스프레소 베리에이션,t_8to11
1000000452661,50.0,에스프레소 베리에이션,t_11to14
1000000453254,37.0,에스프레소 베리에이션,t_11to14
1000000453712,33.0,에스프레소 베리에이션,t_11to14
1000000458905,30.0,에스프레소 베리에이션,t_14to17
1000000458982,119.0,에스프레소 베리에이션,t_5to8
1000000459153,144.0,에스프레소 베리에이션,t_8to11
1000000459274,32.0,에스프레소 베리에이션,t_8to11
1000000460075,28.0,에스프레소 베리에이션,t_8to11
1000000460832,58.0,티 베리에이션,t_17to20
1000000461069,124.0,에스프레소 베리에이션,t_11to14
1000000461525,172.0,에스프레소 베리에이션,t_8to11
1000000464967,21.0,에스프레소 베리에이션,t_11to14
1000000465879,47.0,에스프레소 베리에이션,t_17to20
1000000466325,76.0,에스프레소 베리에이션,t_14to17
1000000466892,204.0,에스프레소 베리에이션,t_22to5
1000000467136,55.0,에스프레소 베리에이션,t_14to17
1000000469536,101.0,에스프레소 베리에이션,t_11to14
1000000471194,88.0,에스프레소 베리에이션,t_14to17
1000000474677,77.0,에스프레소 베리에이션,t_17to20
1000000474684,48.0,에스프레소 베리에이션,t_14to17
1000000475735,29.0,음료,t_17to20
1000000477896,53.0,에스프레소 베리에이션,t_14to17
1000000478687,113.0,에스프레소 베리에이션,t_14to17
1000000480145,47.0,에스프레소 베리에이션,t_17to20
1000000482749,208.0,에스프레소 베리에이션,t_8to11
1000000482782,110.0,에스프레소 베리에이션,t_14to17
1000000483575,34.0,에스프레소 베리에이션,t_17to20
1000000491307,213.0,에스프레소 베리에이션,t_17to20
1000000494193,92.0,에스프레소 베리에이션,t_17to20
1000000495746,38.0,에스프레소 베리에이션,t_14to17
1000000501315,71.0,에스프레소 베리에이션,t_11to14
1000000505452,40.0,에스프레소 베리에이션,t_11to14
1000000506280,15.0,에스프레소 베리에이션,t_14to17
1000000506294,35.0,음료,t_11to14
1000000507269,53.0,에스프레소 베리에이션,t_14to17
1000000507647,6.0,에스프레소 베리에이션,t_22to5
1000000508078,91.0,에스프레소 베리에이션,t_14to17
1000000508157,160.0,에스프레소 베리에이션,t_11to14
1000000509833,138.0,에스프레소 베리에이션,t_11to14
1000000509984,139.0,에스프레소 베리에이션,t_11to14
1000000513621,53.0,에스프레소 베리에이션,t_11to14
1000000513805,16.0,음료,t_17to20
1000000515569,26.0,에스프레소 베리에이션,t_17to20
1000000518681,70.0,에스프레소 베리에이션,t_14to17
1000000519644,86.0,에스프레소 베리에이션,t_14to17
1000000520718,73.0,에스프레소 베리에이션,t_8to11
1000000521814,28.0,음료,t_17to20
1000000521932,4.0,티 베리에이션,t_17to20
1000000523939,99.0,에스프레소 베리에이션,t_8to11
1000000524978,122.0,에스프레소 베리에이션,t_11to14
1000000526220,24.0,에스프레소 베리에이션,t_11to14
1000000527040,45.0,에스프레소 베리에이션,t_14to17
1000000527752,74.0,에스프레소 베리에이션,t_14to17
1000000528532,167.0,에스프레소 베리에이션,t_11to14
1000000529602,58.0,에스프레소 베리에이션,t_17to20
1000000530074,47.0,음료,t_17to20
1000000530351,12.0,에스프레소 베리에이션,t_11to14
1000000530649,50.0,에스프레소 베리에이션,t_8to11
1000000530818,180.0,에스프레소 베리에이션,t_11to14
1000000531880,67.0,에스프레소 베리에이션,t_11to14
1000000531928,87.0,에스프레소 베리에이션,t_8to11
1000000533261,35.0,에스프레소 베리에이션,t_11to14
1000000534106,35.0,에스프레소 베리에이션,t_14to17
1000000539806,13.0,에스프레소 베리에이션,t_11to14
1000000540069,23.0,에스프레소 베리에이션,t_5to8
1000000540201,50.0,에스프레소 베리에이션,t_11to14
1000000540733,64.0,에스프레소 베리에이션,t_11to14
1000000541769,147.0,에스프레소 베리에이션,t_14to17
1000000542816,41.0,음료,t_17to20
1000000546015,96.0,에스프레소 베리에이션,t_8to11
1000000546624,40.0,에스프레소 베리에이션,t_14to17
1000000552775,29.0,에스프레소 베리에이션,t_14to17
1000000554069,105.0,티 베리에이션,t_17to20
1000000554520,11.0,에스프레소 베리에이션,t_11to14
1000000554966,151.0,에스프레소 베리에이션,t_11to14
1000000555241,51.0,에스프레소 베리에이션,t_8to11
1000000557613,32.0,에스프레소 베리에이션,t_14to17
1000000560120,56.0,에스프레소 베리에이션,t_8to11
1000000561264,348.0,에스프레소 베리에이션,t_8to11
1000000562934,117.0,에스프레소 베리에이션,t_11to14
1000000564915,54.0,음료,t_17to20
1000000565510,47.0,에스프레소 베리에이션,t_11to14
1000000567552,72.0,에스프레소 베리에이션,t_8to11
1000000567936,30.0,에스프레소 베리에이션,t_11to14
1000000569329,10.0,에스프레소 베리에이션,t_8to11
1000000569748,65.0,에스프레소 베리에이션,t_11to14
1000000569892,26.0,음료,t_11to14
1000000573123,28.0,에스프레소 베리에이션,t_17to20
1000000575702,67.0,티 베리에이션,t_11to14
1000000577061,80.0,에스프레소 베리에이션,t_11to14
1000000577130,15.0,에스프레소 베리에이션,t_14to17
1000000582069,63.0,에스프레소 베리에이션,t_8to11
1000000582392,24.0,에스프레소 베리에이션,t_14to17
1000000582434,172.0,에스프레소 베리에이션,t_8to11
1000000584244,22.0,음료,t_14to17
1000000584305,107.0,에스프레소 베리에이션,t_14to17
1000000585765,38.0,에스프레소 베리에이션,t_11to14
1000000587470,37.0,음료,t_17to20
1000000588383,98.0,에스프레소 베리에이션,t_11to14
1000000590675,36.0,에스프레소 베리에이션,t_17to20
1000000590690,43.0,에스프레소 베리에이션,t_11to14
1000000592038,48.0,에스프레소 베리에이션,t_8to11
1000000592870,21.0,에스프레소 베리에이션,t_11to14
1000000593070,46.0,에스프레소 베리에이션,t_8to11
1000000593145,353.0,에스프레소 베리에이션,t_14to17
1000000593976,22.0,에스프레소 베리에이션,t_11to14
1000000594225,42.0,에스프레소 베리에이션,t_14to17
1000000596822,47.0,에스프레소 베리에이션,t_8to11
1000000602775,30.0,에스프레소 베리에이션,t_8to11
1000000603814,20.0,에스프레소 베리에이션,t_17to20
1000000603869,20.0,에스프레소 베리에이션,t_14to17
1000000606302,97.0,에스프레소 베리에이션,t_11to14
1000000606556,189.0,에스프레소 베리에이션,t_8to11
1000000606603,152.0,에스프레소 베리에이션,t_8to11
1000000607881,45.0,에스프레소 베리에이션,t_11to14
1000000609580,163.0,에스프레소 베리에이션,t_14to17
1000000610872,103.0,에스프레소 베리에이션,t_14to17
1000000617297,49.0,에스프레소 베리에이션,t_14to17
1000000620023,27.0,에스프레소 베리에이션,t_14to17
1000000621436,170.0,에스프레소 베리에이션,t_8to11
1000000623605,98.0,에스프레소 베리에이션,t_11to14
1000000625000,68.0,에스프레소 베리에이션,t_14to17
1000000625203,26.0,에스프레소 베리에이션,t_17to20
1000000626022,23.0,에스프레소 베리에이션,t_11to14
1000000626092,40.0,에스프레소 베리에이션,t_14to17
1000000627578,21.0,에스프레소 베리에이션,t_11to14
1000000628741,11.0,에스프레소 베리에이션,t_17to20
1000000630172,196.0,티 베리에이션,t_20to22
1000000630581,156.0,에스프레소 베리에이션,t_17to20
1000000631058,61.0,에스프레소 베리에이션,t_8to11
1000000631830,26.0,음료,t_14to17
1000000632581,23.0,에스프레소 베리에이션,t_11to14
1000000632756,27.0,에스프레소 베리에이션,t_14to17
1000000633290,164.0,에스프레소 베리에이션,t_11to14
1000000633356,181.0,에스프레소 베리에이션,t_11to14
1000000633597,98.0,에스프레소 베리에이션,t_11to14
1000000635090,75.0,에스프레소 베리에이션,t_14to17
1000000637312,30.0,에스프레소 베리에이션,t_11to14
1000000639327,23.0,음료,t_17to20
1000000639379,38.0,에스프레소 베리에이션,t_17to20
1000000640234,103.0,에스프레소 베리에이션,t_20to22
1000000641446,30.0,에스프레소 베리에이션,t_8to11
1000000641590,26.0,에스프레소 베리에이션,t_8to11
1000000642065,64.0,에스프레소 베리에이션,t_11to14
1000000642231,13.0,에스프레소 베리에이션,t_14to17
1000000642390,85.0,에스프레소 베리에이션,t_11to14
1000000644023,86.0,티 베리에이션,t_14to17
1000000644528,37.0,에스프레소 베리에이션,t_11to14
1000000645574,24.0,에스프레소 베리에이션,t_14to17
1000000645619,160.0,에스프레소 베리에이션,t_11to14
1000000645904,22.0,에스프레소 베리에이션,t_11to14
1000000647040,36.0,에스프레소 베리에이션,t_8to11
1000000647525,58.0,에스프레소 베리에이션,t_17to20
1000000647731,41.0,에스프레소 베리에이션,t_8to11
1000000650731,58.0,에스프레소 베리에이션,t_14to17
1000000656897,39.0,에스프레소 베리에이션,t_14to17
1000000657838,13.0,에스프레소 베리에이션,t_11to14
1000000657851,19.0,티 베리에이션,t_14to17
1000000657857,19.0,에스프레소 베리에이션,t_14to17
1000000658037,36.0,에스프레소 베리에이션,t_14to17
1000000661562,153.0,에스프레소 베리에이션,t_11to14
1000000664300,15.0,에스프레소 베리에이션,t_8to11
1000000665764,85.0,에스프레소 베리에이션,t_8to11
1000000669002,25.0,음료,t_14to17
1000000671108,20.0,에스프레소 베리에이션,t_14to17
1000000673344,14.0,에스프레소 베리에이션,t_14to17
1000000673628,56.0,에스프레소 베리에이션,t_11to14
1000000674324,38.0,에스프레소 베리에이션,t_17to20
1000000676421,27.0,에스프레소 베리에이션,t_8to11
1000000676673,48.0,에스프레소 베리에이션,t_11to14
1000000678138,161.0,에스프레소 베리에이션,t_11to14
1000000679722,39.0,에스프레소 베리에이션,t_11to14
1000000683031,44.0,에스프레소 베리에이션,t_14to17
1000000684056,167.0,에스프레소 베리에이션,t_11to14
1000000685139,18.0,에스프레소 베리에이션,t_11to14
1000000685477,77.0,에스프레소 베리에이션,t_8to11
1000000685491,63.0,에스프레소 베리에이션,t_14to17
1000000686676,72.0,에스프레소 베리에이션,t_8to11
1000000686743,164.0,에스프레소 베리에이션,t_11to14
1000000688102,39.0,에스프레소 베리에이션,t_11to14
1000000690958,39.0,에스프레소 베리에이션,t_17to20
1000000693225,19.0,음료,t_17to20
1000000694106,51.0,에스프레소 베리에이션,t_14to17
1000000700555,89.0,에스프레소 베리에이션,t_14to17
1000000702299,42.0,음료,t_11to14
1000000704485,10.0,에스프레소 베리에이션,t_17to20
1000000706198,212.0,에스프레소 베리에이션,t_8to11
1000000709359,81.0,에스프레소 베리에이션,t_11to14
1000000709662,38.0,에스프레소 베리에이션,t_11to14
1000000711243,23.0,에스프레소 베리에이션,t_14to17
1000000714739,69.0,에스프레소 베리에이션,t_11to14
1000000714964,29.0,에스프레소 베리에이션,t_14to17
1000000717190,43.0,에스프레소 베리에이션,t_8to11
1000000717742,165.0,에스프레소 베리에이션,t_11to14
1000000718343,51.0,에스프레소 베리에이션,t_11to14
1000000719114,30.0,에스프레소 베리에이션,t_17to20
1000000720495,20.0,티 베리에이션,t_8to11
1000000720521,55.0,에스프레소 베리에이션,t_14to17
1000000723374,30.0,에스프레소 베리에이션,t_11to14
1000000724562,91.0,에스프레소 베리에이션,t_17to20
1000000727833,78.0,에스프레소 베리에이션,t_14to17
1000000728956,41.0,에스프레소 베리에이션,t_11to14
1000000732460,45.0,에스프레소 베리에이션,t_14to17
1000000736541,245.0,에스프레소 베리에이션,t_11to14
1000000742136,101.0,에스프레소 베리에이션,t_11to14
1000000743245,26.0,음료,t_11to14
1000000745065,33.0,음료,t_17to20
1000000745464,42.0,에스프레소 베리에이션,t_14to17
1000000745488,52.0,에스프레소 베리에이션,t_8to11
1000000748785,42.0,에스프레소 베리에이션,t_8to11
1000000749199,27.0,에스프레소 베리에이션,t_14to17
1000000750391,89.0,에스프레소 베리에이션,t_17to20
1000000752657,25.0,티 베리에이션,t_20to22
1000000757438,47.0,에스프레소 베리에이션,t_11to14
1000000757943,61.0,에스프레소 베리에이션,t_11to14
1000000758431,60.0,에스프레소 베리에이션,t_11to14
1000000759151,52.0,에스프레소 베리에이션,t_14to17
1000000760531,72.0,음료,t_8to11
1000000760997,100.0,에스프레소 베리에이션,t_8to11
1000000762182,18.0,에스프레소 베리에이션,t_14to17
1000000764987,186.0,에스프레소 베리에이션,t_8to11
1000000764990,36.0,에스프레소 베리에이션,t_8to11
1000000765252,28.0,에스프레소 베리에이션,t_14to17
1000000765708,75.0,에스프레소 베리에이션,t_11to14
1000000766009,128.0,에스프레소 베리에이션,t_17to20
1000000768376,23.0,에스프레소 베리에이션,t_14to17
1000000772979,85.0,에스프레소 베리에이션,t_17to20
1000000773941,11.0,음료,t_17to20
1000000775352,39.0,에스프레소 베리에이션,t_8to11
1000000775868,59.0,에스프레소 베리에이션,t_14to17
1000000777068,484.0,에스프레소 베리에이션,t_11to14
1000000778448,42.0,에스프레소 베리에이션,t_11to14
1000000779662,136.0,에스프레소 베리에이션,t_11to14
1000000781369,48.0,에스프레소 베리에이션,t_14to17
1000000782171,24.0,에스프레소 베리에이션,t_14to17
1000000783411,38.0,에스프레소 베리에이션,t_11to14
1000000783490,37.0,에스프레소 베리에이션,t_14to17
1000000784124,20.0,에스프레소 베리에이션,t_14to17
1000000784390,39.0,에스프레소 베리에이션,t_17to20
1000000786439,47.0,에스프레소 베리에이션,t_11to14
1000000789362,209.0,에스프레소 베리에이션,t_11to14
1000000789635,30.0,에스프레소 베리에이션,t_11to14
1000000792078,33.0,에스프레소 베리에이션,t_22to5
1000000792944,43.0,에스프레소 베리에이션,t_14to17
1000000793668,30.0,에스프레소 베리에이션,t_17to20
1000000795373,181.0,에스프레소 베리에이션,t_8to11
1000000795433,41.0,에스프레소 베리에이션,t_8to11
1000000796509,21.0,음료,t_11to14
1000000796680,66.0,에스프레소 베리에이션,t_8to11
1000000797330,28.0,에스프레소 베리에이션,t_11to14
1000000798285,27.0,에스프레소 베리에이션,t_11to14
1000000799326,20.0,에스프레소 베리에이션,t_20to22
1000000802522,34.0,에스프레소 베리에이션,t_14to17
1000000803065,49.0,티 베리에이션,t_14to17
1000000803708,63.0,에스프레소 베리에이션,t_14to17
1000000803833,10.0,음료,t_14to17
1000000807541,76.0,에스프레소 베리에이션,t_11to14
1000000809130,86.0,에스프레소 베리에이션,t_8to11
1000000809586,31.0,에스프레소 베리에이션,t_14to17
1000000812409,32.0,에스프레소 베리에이션,t_8to11
1000000813385,28.0,에스프레소 베리에이션,t_14to17
1000000816923,49.0,에스프레소 베리에이션,t_11to14
1000000819131,47.0,에스프레소 베리에이션,t_17to20
1000000820452,33.0,에스프레소 베리에이션,t_8to11
1000000823688,123.0,음료,t_11to14
1000000825948,23.0,티 베리에이션,t_14to17
1000000830745,13.0,에스프레소 베리에이션,t_14to17
1000000831562,41.0,에스프레소 베리에이션,t_14to17
1000000832908,29.0,에스프레소 베리에이션,t_11to14
1000000833586,129.0,에스프레소 베리에이션,t_14to17
1000000834940,228.0,에스프레소 베리에이션,t_20to22
1000000835188,61.0,에스프레소 베리에이션,t_11to14
1000000835707,37.0,에스프레소 베리에이션,t_11to14
1000000853236,31.0,에스프레소 베리에이션,t_14to17
1000000864990,45.0,에스프레소 베리에이션,t_14to17
1000000866264,27.0,음료,t_17to20
1000000866370,34.0,에스프레소 베리에이션,t_14to17
1000000868108,34.0,에스프레소 베리에이션,t_14to17
1000000876127,35.0,에스프레소 베리에이션,t_11to14
1000000877231,82.0,에스프레소 베리에이션,t_8to11
1000000878475,18.0,에스프레소 베리에이션,t_11to14
1000000879739,70.0,에스프레소 베리에이션,t_8to11
1000000880474,75.0,에스프레소 베리에이션,t_14to17
1000000882306,51.0,에스프레소 베리에이션,t_11to14
1000000885728,104.0,에스프레소 베리에이션,t_8to11
1000000887472,32.0,에스프레소 베리에이션,t_11to14
1000000895524,26.0,에스프레소 베리에이션,t_8to11
1000000896966,59.0,에스프레소 베리에이션,t_8to11
1000000897224,6.0,음료,t_20to22
1000000899897,41.0,에스프레소 베리에이션,t_17to20
1000000907595,29.0,에스프레소 베리에이션,t_11to14
1000000908769,65.0,에스프레소 베리에이션,t_11to14
1000000908946,64.0,에스프레소 베리에이션,t_11to14
1000000910084,43.0,에스프레소 베리에이션,t_11to14
1000000910125,28.0,음료,t_14to17
1000000912329,47.0,에스프레소 베리에이션,t_14to17
1000000914343,27.0,에스프레소 베리에이션,t_8to11
1000000915303,33.0,음료,t_14to17
1000000917765,67.0,에스프레소 베리에이션,t_11to14
1000000918738,37.0,에스프레소 베리에이션,t_11to14
1000000918964,25.0,에스프레소 베리에이션,t_8to11
1000000921167,62.0,에스프레소 베리에이션,t_14to17
1000000925207,42.0,티 베리에이션,t_8to11
1000000928092,42.0,에스프레소 베리에이션,t_11to14
1000000928152,65.0,에스프레소 베리에이션,t_11to14
1000000928777,30.0,에스프레소 베리에이션,t_11to14
1000000928958,40.0,에스프레소 베리에이션,t_17to20
1000000931547,143.0,에스프레소 베리에이션,t_8to11
1000000933261,100.0,에스프레소 베리에이션,t_14to17
1000000935535,37.0,티 베리에이션,t_11to14
1000000938050,21.0,에스프레소 베리에이션,t_17to20
1000000947254,21.0,에스프레소 베리에이션,t_14to17
1000000956083,18.0,에스프레소 베리에이션,t_17to20
1000000957832,70.0,에스프레소 베리에이션,t_11to14
1000000962003,29.0,에스프레소 베리에이션,t_11to14
1000000964240,48.0,에스프레소 베리에이션,t_14to17
1000000965859,20.0,티 베리에이션,t_17to20
1000000966397,14.0,음료,t_17to20
1000000969242,55.0,에스프레소 베리에이션,t_8to11
1000000970280,37.0,에스프레소 베리에이션,t_14to17
1000000974633,82.0,에스프레소 베리에이션,t_14to17
1000000976600,34.0,에스프레소 베리에이션,t_14to17
1000000978529,61.0,에스프레소 베리에이션,t_17to20
1000000998239,27.0,에스프레소 베리에이션,t_11to14
1000000998608,38.0,음료,t_11to14
1000001000947,120.0,에스프레소 베리에이션,t_11to14
1000001007693,27.0,음료,t_14to17
1000001008218,42.0,에스프레소 베리에이션,t_17to20
1000001012466,236.0,에스프레소 베리에이션,t_8to11
1000001015210,32.0,에스프레소 베리에이션,t_11to14
1000001019999,58.0,티 베리에이션,t_20to22
1000001022502,27.0,에스프레소 베리에이션,t_11to14
1000001024210,43.0,에스프레소 베리에이션,t_11to14
1000001025664,107.0,에스프레소 베리에이션,t_11to14
1000001026809,43.0,에스프레소 베리에이션,t_11to14
1000001033055,47.0,에스프레소 베리에이션,t_20to22
1000001035332,55.0,에스프레소 베리에이션,t_14to17
1000001038251,41.0,에스프레소 베리에이션,t_14to17
1000001040727,131.0,에스프레소 베리에이션,t_14to17
1000001043651,59.0,에스프레소 베리에이션,t_14to17
1000001043910,70.0,에스프레소 베리에이션,t_17to20
1000001044733,53.0,에스프레소 베리에이션,t_17to20
1000001051532,44.0,에스프레소 베리에이션,t_14to17
1000001057047,52.0,에스프레소 베리에이션,t_11to14
1000001060501,55.0,에스프레소 베리에이션,t_11to14
1000001065441,20.0,에스프레소 베리에이션,t_11to14
1000001077666,37.0,에스프레소 베리에이션,t_11to14
1000001087549,24.0,에스프레소 베리에이션,t_14to17
1000001090770,177.0,에스프레소 베리에이션,t_11to14
1000001091521,36.0,에스프레소 베리에이션,t_17to20
1000001094568,54.0,음료,t_11to14
1000001096273,69.0,에스프레소 베리에이션,t_11to14
1000001096578,56.0,에스프레소 베리에이션,t_8to11
1000001099588,171.0,에스프레소 베리에이션,t_11to14
1000001101004,61.0,에스프레소 베리에이션,t_11to14
1000001103753,37.0,티 베리에이션,t_11to14
1000001106846,11.0,에스프레소 베리에이션,t_11to14
1000001107277,46.0,에스프레소 베리에이션,t_17to20
1000001109238,373.0,에스프레소 베리에이션,t_8to11
1000001113092,66.0,에스프레소 베리에이션,t_17to20
1000001113478,203.0,에스프레소 베리에이션,t_11to14
1000001118699,35.0,에스프레소 베리에이션,t_17to20
1000001121040,23.0,에스프레소 베리에이션,t_11to14
1000001121383,56.0,티 베리에이션,t_11to14
1000001122174,19.0,에스프레소 베리에이션,t_11to14
1000001125016,50.0,에스프레소 베리에이션,t_14to17
1000001126483,47.0,음료,t_17to20
1000001131291,90.0,에스프레소 베리에이션,t_8to11
1000001139263,112.0,음료,t_14to17
1000001143725,132.0,에스프레소 베리에이션,t_8to11
1000001149446,163.0,에스프레소 베리에이션,t_8to11
1000001149850,25.0,에스프레소 베리에이션,t_14to17
1000001149920,28.0,에스프레소 베리에이션,t_14to17
1000001151940,201.0,에스프레소 베리에이션,t_5to8
1000001157203,64.0,에스프레소 베리에이션,t_11to14
1000001173615,23.0,에스프레소 베리에이션,t_17to20
1000001176919,101.0,에스프레소 베리에이션,t_8to11
1000001179285,25.0,에스프레소 베리에이션,t_11to14
1000001180029,27.0,에스프레소 베리에이션,t_14to17
1000001186243,22.0,티 베리에이션,t_11to14
1000001192110,41.0,에스프레소 베리에이션,t_11to14
1000001193419,29.0,에스프레소 베리에이션,t_17to20
1000001193929,43.0,에스프레소 베리에이션,t_17to20
1000001198818,22.0,에스프레소 베리에이션,t_11to14
1000001200592,34.0,음료,t_14to17
1000001210320,194.0,에스프레소 베리에이션,t_11to14
1000001212075,45.0,에스프레소 베리에이션,t_11to14
1000001218936,84.0,에스프레소 베리에이션,t_8to11
1000001220884,52.0,에스프레소 베리에이션,t_11to14
1000001224226,77.0,에스프레소 베리에이션,t_11to14
1000001236400,34.0,에스프레소 베리에이션,t_14to17
1000001239240,126.0,에스프레소 베리에이션,t_14to17
1000001240092,75.0,에스프레소 베리에이션,t_8to11
1000001240175,70.0,에스프레소 베리에이션,t_11to14
1000001240219,156.0,에스프레소 베리에이션,t_8to11
1000001240951,50.0,에스프레소 베리에이션,t_11to14
1000001245511,56.0,에스프레소 베리에이션,t_14to17
1000001258730,186.0,에스프레소 베리에이션,t_8to11
1000001260259,80.0,에스프레소 베리에이션,t_11to14
1000001261463,30.0,에스프레소 베리에이션,t_14to17
1000001265766,35.0,에스프레소 베리에이션,t_20to22
1000001268991,50.0,에스프레소 베리에이션,t_8to11
1000001274821,35.0,에스프레소 베리에이션,t_14to17
1000001290937,16.0,티 베리에이션,t_20to22
1000001292002,31.0,에스프레소 베리에이션,t_11to14
1000001294032,43.0,에스프레소 베리에이션,t_20to22
1000001297022,35.0,에스프레소 베리에이션,t_11to14
1000001299905,45.0,음료,t_14to17
1000001319029,18.0,에스프레소 베리에이션,t_11to14
1000001324396,29.0,음료,t_17to20
1000001325017,32.0,음료,t_20to22
1000001327325,12.0,에스프레소 베리에이션,t_11to14
1000001327987,77.0,에스프레소 베리에이션,t_14to17
1000001328111,84.0,에스프레소 베리에이션,t_11to14
1000001329014,23.0,티 베리에이션,t_11to14
1000001330053,45.0,에스프레소 베리에이션,t_11to14
1000001333703,62.0,음료,t_11to14
1000001336622,19.0,에스프레소 베리에이션,t_8to11
1000001341957,111.0,에스프레소 베리에이션,t_11to14
1000001341971,25.0,에스프레소 베리에이션,t_8to11
1000001347256,88.0,에스프레소 베리에이션,t_11to14
1000001349064,107.0,에스프레소 베리에이션,t_8to11
1000001352889,44.0,에스프레소 베리에이션,t_14to17
1000001355821,24.0,에스프레소 베리에이션,t_11to14
1000001356588,22.0,에스프레소 베리에이션,t_11to14
1000001363167,32.0,에스프레소 베리에이션,t_11to14
1000001370570,60.0,음료,t_17to20
1000001373800,51.0,음료,t_11to14
1000001378062,42.0,에스프레소 베리에이션,t_17to20
1000001379618,39.0,에스프레소 베리에이션,t_17to20
1000001382995,29.0,에스프레소 베리에이션,t_8to11
1000001385425,33.0,음료,t_14to17
1000001386716,47.0,에스프레소 베리에이션,t_14to17
1000001387264,23.0,음료,t_17to20
1000001387329,49.0,에스프레소 베리에이션,t_11to14
1000001389332,43.0,에스프레소 베리에이션,t_11to14
1000001394315,64.0,에스프레소 베리에이션,t_11to14
1000001402367,50.0,에스프레소 베리에이션,t_14to17
1000001402641,38.0,에스프레소 베리에이션,t_11to14
1000001409099,30.0,에스프레소 베리에이션,t_20to22
1000001409464,175.0,에스프레소 베리에이션,t_17to20
1000001410769,91.0,에스프레소 베리에이션,t_11to14
1000001410811,32.0,에스프레소 베리에이션,t_11to14
1000001414517,49.0,에스프레소 베리에이션,t_14to17
1000001421153,135.0,에스프레소 베리에이션,t_8to11
1000001424747,30.0,에스프레소 베리에이션,t_14to17
1000001430105,14.0,티 베리에이션,t_11to14
1000001433326,33.0,티 베리에이션,t_11to14
1000001452975,30.0,에스프레소 베리에이션,t_14to17
1000001456617,21.0,음료,t_17to20
1000001464580,96.0,에스프레소 베리에이션,t_11to14
1000001469181,50.0,에스프레소 베리에이션,t_8to11
1000001471812,40.0,에스프레소 베리에이션,t_14to17
1000001474061,77.0,에스프레소 베리에이션,t_22to5
1000001474368,16.0,에스프레소 베리에이션,t_11to14
1000001479496,22.0,에스프레소 베리에이션,t_11to14
1000001487883,100.0,에스프레소 베리에이션,t_17to20
1000001500720,155.0,에스프레소 베리에이션,t_17to20
1000001506112,38.0,에스프레소 베리에이션,t_14to17
1000001509636,53.0,에스프레소 베리에이션,t_14to17
1000001525154,36.0,에스프레소 베리에이션,t_11to14
1000001527273,59.0,에스프레소 베리에이션,t_14to17
1000001527687,11.0,에스프레소 베리에이션,t_20to22
1000001528709,43.0,음료,t_14to17
1000001538392,34.0,에스프레소 베리에이션,t_8to11
1000001538583,53.0,에스프레소 베리에이션,t_14to17
1000001545752,116.0,에스프레소 베리에이션,t_11to14
1000001547931,32.0,에스프레소 베리에이션,t_17to20
1000001548986,99.0,에스프레소 베리에이션,t_20to22
1000001549528,20.0,음료,t_17to20
1000001550567,312.0,에스프레소 베리에이션,t_8to11
1000001551795,60.0,에스프레소 베리에이션,t_11to14
1000001561639,32.0,에스프레소 베리에이션,t_14to17
1000001565776,18.0,음료,t_17to20
1000001567093,119.0,에스프레소 베리에이션,t_17to20
1000001571364,20.0,에스프레소 베리에이션,t_11to14
1000001572919,84.0,에스프레소 베리에이션,t_14to17
1000001593175,55.0,에스프레소 베리에이션,t_14to17
1000001593565,51.0,에스프레소 베리에이션,t_14to17
1000001593803,85.0,에스프레소 베리에이션,t_11to14
1000001604127,104.0,에스프레소 베리에이션,t_14to17
1000001605641,15.0,티 베리에이션,t_11to14
1000001609918,171.0,에스프레소 베리에이션,t_8to11
1000001640654,102.0,에스프레소 베리에이션,t_8to11
1000001643534,49.0,에스프레소 베리에이션,t_11to14
1000001671671,52.0,에스프레소 베리에이션,t_11to14
1000001678205,21.0,에스프레소 베리에이션,t_17to20
1000001683947,36.0,에스프레소 베리에이션,t_14to17
1000001696498,55.0,에스프레소 베리에이션,t_14to17
1000001697584,26.0,에스프레소 베리에이션,t_17to20
1000001702477,33.0,에스프레소 베리에이션,t_14to17
1000001706511,48.0,에스프레소 베리에이션,t_11to14
1000001712390,28.0,에스프레소 베리에이션,t_11to14
1000001729097,87.0,에스프레소 베리에이션,t_11to14
1000001746660,18.0,에스프레소 베리에이션,t_17to20
1000001775092,61.0,에스프레소 베리에이션,t_11to14
1000001781551,29.0,티 베리에이션,t_11to14
1000001785154,70.0,에스프레소 베리에이션,t_8to11
1000001791595,93.0,에스프레소 베리에이션,t_8to11
1000001801877,68.0,에스프레소 베리에이션,t_14to17
1000001816809,39.0,음료,t_14to17
1000001846253,19.0,에스프레소 베리에이션,t_11to14
1000001851726,20.0,에스프레소 베리에이션,t_11to14
1000001886389,29.0,에스프레소 베리에이션,t_11to14
1000001905609,103.0,에스프레소 베리에이션,t_8to11
1000001951434,46.0,음료,t_11to14
1000001952521,65.0,에스프레소 베리에이션,t_11to14
1000001969651,32.0,에스프레소 베리에이션,t_11to14
1000001978916,32.0,에스프레소 베리에이션,t_14to17
1000002008442,18.0,에스프레소 베리에이션,t_17to20
1000002026478,54.0,에스프레소 베리에이션,t_17to20
1000002067492,17.0,에스프레소 베리에이션,t_11to14
1000002073018,65.0,에스프레소 베리에이션,t_8to11
1000002076592,24.0,에스프레소 베리에이션,t_14to17
1000002102375,61.0,에스프레소 베리에이션,t_17to20
1000002125589,46.0,에스프레소 베리에이션,t_11to14
1000002130295,136.0,에스프레소 베리에이션,t_14to17
1000002130410,40.0,에스프레소 베리에이션,t_11to14
1000002173165,36.0,음료,t_22to5
1000002207118,36.0,에스프레소 베리에이션,t_17to20
1000002248786,40.0,에스프레소 베리에이션,t_11to14
1000002263281,40.0,티 베리에이션,t_20to22
1000002290264,36.0,에스프레소 베리에이션,t_17to20
1000002309208,57.0,에스프레소 베리에이션,t_14to17
1000002390450,75.0,에스프레소 베리에이션,t_14to17
1000002457996,261.0,에스프레소 베리에이션,t_11to14
9990000000493,104.0,에스프레소 베리에이션,t_11to14
9990000000870,66.0,에스프레소 베리에이션,t_14to17
9990000000976,53.0,에스프레소 베리에이션,t_11to14
9990000001106,113.0,에스프레소 베리에이션,t_8to11
9990000001349,72.0,에스프레소 베리에이션,t_11to14
9990000001718,34.0,에스프레소 베리에이션,t_11to14
9990000002466,243.0,에스프레소 베리에이션,t_8to11
9990000003589,133.0,에스프레소 베리에이션,t_11to14
9990000003647,536.0,에스프레소 베리에이션,t_11to14
9990000018052,9.0,에스프레소 베리에이션,t_14to17
9990000020341,181.0,에스프레소 베리에이션,t_8to11
9990000020847,50.0,에스프레소 베리에이션,t_11to14
9990000020865,33.0,에스프레소 베리에이션,t_17to20
9990000025041,138.0,에스프레소 베리에이션,t_8to11
9990000026396,55.0,에스프레소 베리에이션,t_8to11
9990000033052,122.0,에스프레소 베리에이션,t_17to20
9990000043630,232.0,에스프레소 베리에이션,t_8to11
9990000045443,41.0,에스프레소 베리에이션,t_11to14
9990000049124,78.0,에스프레소 베리에이션,t_8to11
9990000063687,39.0,에스프레소 베리에이션,t_20to22
9990000069497,18.0,에스프레소 베리에이션,t_14to17
9990000072451,168.0,에스프레소 베리에이션,t_17to20
9990000086565,34.0,에스프레소 베리에이션,t_11to14
9990000089866,136.0,에스프레소 베리에이션,t_5to8
9990000099900,36.0,에스프레소 베리에이션,t_14to17
9990000106963,128.0,에스프레소 베리에이션,t_8to11
9990000115326,47.0,에스프레소 베리에이션,t_11to14
9990000119885,29.0,에스프레소 베리에이션,t_11to14
9990000136918,40.0,에스프레소 베리에이션,t_14to17
9990000137354,87.0,에스프레소 베리에이션,t_11to14
9990000147024,74.0,에스프레소 베리에이션,t_8to11
9990000149045,246.0,에스프레소 베리에이션,t_11to14
9990000155321,76.0,에스프레소 베리에이션,t_14to17
9990000158766,130.0,에스프레소 베리에이션,t_11to14
9990000163019,203.0,에스프레소 베리에이션,t_8to11
9990000163688,33.0,에스프레소 베리에이션,t_11to14
9990000165276,33.0,티 베리에이션,t_8to11
9990000167913,111.0,에스프레소 베리에이션,t_11to14
9990000182897,176.0,에스프레소 베리에이션,t_5to8
9990000199099,88.0,에스프레소 베리에이션,t_11to14
9990000210182,34.0,에스프레소 베리에이션,t_17to20
9990000212424,327.0,에스프레소 베리에이션,t_11to14
9990000216609,12.0,음료,t_17to20
9990000223299,35.0,에스프레소 베리에이션,t_14to17
9990000230162,40.0,에스프레소 베리에이션,t_14to17
9990000235582,56.0,티 베리에이션,t_20to22
9990000239281,41.0,에스프레소 베리에이션,t_11to14
9990000241166,26.0,에스프레소 베리에이션,t_14to17
9990000246518,35.0,에스프레소 베리에이션,t_8to11
9990000262292,74.0,에스프레소 베리에이션,t_8to11
9990000281076,89.0,에스프레소 베리에이션,t_11to14
9990000300994,84.0,에스프레소 베리에이션,t_8to11
9990000303615,51.0,에스프레소 베리에이션,t_11to14
9990000304403,33.0,에스프레소 베리에이션,t_14to17
9990000308878,67.0,에스프레소 베리에이션,t_11to14
9990000314475,59.0,에스프레소 베리에이션,t_11to14
9990000320530,39.0,음료,t_11to14
9990000329637,27.0,에스프레소 베리에이션,t_11to14
9990000364252,22.0,에스프레소 베리에이션,t_8to11
9990000373562,31.0,에스프레소 베리에이션,t_11to14
9990000382074,49.0,에스프레소 베리에이션,t_17to20
9990000384171,33.0,에스프레소 베리에이션,t_8to11
9990000385086,68.0,에스프레소 베리에이션,t_8to11
9990000402362,35.0,에스프레소 베리에이션,t_11to14
9990000404292,834.0,에스프레소 베리에이션,t_8to11
9990000407875,58.0,에스프레소 베리에이션,t_11to14
9990000418986,86.0,에스프레소 베리에이션,t_11to14
9990000431674,18.0,에스프레소 베리에이션,t_8to11
9990000439556,30.0,에스프레소 베리에이션,t_20to22
9990000440630,35.0,에스프레소 베리에이션,t_14to17
9990000441795,105.0,에스프레소 베리에이션,t_8to11
9990000478341,23.0,에스프레소 베리에이션,t_8to11
9990000484134,36.0,에스프레소 베리에이션,t_14to17
9990000484663,258.0,에스프레소 베리에이션,t_11to14
9990000491936,138.0,에스프레소 베리에이션,t_11to14
9990000505338,39.0,에스프레소 베리에이션,t_8to11
9990000507570,36.0,에스프레소 베리에이션,t_14to17
9990000508044,134.0,에스프레소 베리에이션,t_11to14
9990000529872,712.0,음료,t_14to17
9990000543971,468.0,에스프레소 베리에이션,t_8to11
9990000557083,27.0,에스프레소 베리에이션,t_11to14
9990000562250,31.0,에스프레소 베리에이션,t_11to14
9990000572716,20.0,에스프레소 베리에이션,t_14to17
9990000588639,69.0,에스프레소 베리에이션,t_8to11
9990000590852,33.0,에스프레소 베리에이션,t_8to11
9990000605641,56.0,에스프레소 베리에이션,t_11to14
9990000607487,60.0,에스프레소 베리에이션,t_17to20
9990000610464,208.0,에스프레소 베리에이션,t_11to14
9990000612408,39.0,에스프레소 베리에이션,t_20to22
9990000624255,145.0,에스프레소 베리에이션,t_11to14
9990000646175,143.0,에스프레소 베리에이션,t_8to11
9990000659078,87.0,에스프레소 베리에이션,t_11to14
9990000671922,37.0,에스프레소 베리에이션,t_11to14
9990000682818,25.0,에스프레소 베리에이션,t_14to17
9990000684761,86.0,에스프레소 베리에이션,t_8to11
9990000685845,49.0,에스프레소 베리에이션,t_14to17
9990000688708,190.0,에스프레소 베리에이션,t_11to14
9990000689468,18.0,에스프레소 베리에이션,t_14to17
9990000701636,60.0,에스프레소 베리에이션,t_11to14
9990000714051,47.0,에스프레소 베리에이션,t_11to14
9990000716400,19.0,티 베리에이션,t_17to20
9990000726005,76.0,에스프레소 베리에이션,t_8to11
9990000729638,79.0,에스프레소 베리에이션,t_17to20
9990000737590,124.0,에스프레소 베리에이션,t_14to17
9990000753886,16.0,에스프레소 베리에이션,t_11to14
9990000755995,34.0,에스프레소 베리에이션,t_14to17
9990000764229,37.0,에스프레소 베리에이션,t_11to14
9990000764510,99.0,에스프레소 베리에이션,t_14to17
9990000780168,207.0,에스프레소 베리에이션,t_8to11
9990000791413,73.0,에스프레소 베리에이션,t_17to20
9990000791870,22.0,에스프레소 베리에이션,t_17to20
9990000792361,72.0,에스프레소 베리에이션,t_14to17
9990000800972,120.0,에스프레소 베리에이션,t_11to14
9990000803713,31.0,에스프레소 베리에이션,t_5to8
9990000826180,32.0,에스프레소 베리에이션,t_14to17
9990000835715,26.0,티 베리에이션,t_11to14
9990000848155,63.0,에스프레소 베리에이션,t_8to11
9990000849349,307.0,에스프레소 베리에이션,t_11to14
9990000866501,42.0,에스프레소 베리에이션,t_11to14
9990000904275,54.0,에스프레소 베리에이션,t_14to17
9990000914852,126.0,에스프레소 베리에이션,t_8to11
9990000930549,280.0,에스프레소 베리에이션,t_17to20
9990000941889,53.0,에스프레소 베리에이션,t_8to11
9990000948888,121.0,에스프레소 베리에이션,t_11to14
9990000957741,53.0,에스프레소 베리에이션,t_11to14
9990000961274,28.0,에스프레소 베리에이션,t_14to17
9990000966722,39.0,에스프레소 베리에이션,t_17to20
9990000968414,113.0,에스프레소 베리에이션,t_8to11
9990000973307,27.0,에스프레소 베리에이션,t_11to14
9990000990553,85.0,에스프레소 베리에이션,t_11to14
9990000996940,26.0,에스프레소 베리에이션,t_8to11
9990000999104,18.0,에스프레소 베리에이션,t_8to11
9990001015022,275.0,에스프레소 베리에이션,t_14to17
9990001022326,66.0,에스프레소 베리에이션,t_11to14
9990001027911,168.0,에스프레소 베리에이션,t_11to14
9990001041972,29.0,에스프레소 베리에이션,t_11to14
9990001048306,15.0,에스프레소 베리에이션,t_20to22
9990001051297,85.0,에스프레소 베리에이션,t_11to14
9990001052862,35.0,에스프레소 베리에이션,t_17to20
9990001059137,32.0,에스프레소 베리에이션,t_14to17
9990001070580,80.0,음료,t_11to14
9990001084386,54.0,에스프레소 베리에이션,t_11to14
9990001087489,65.0,에스프레소 베리에이션,t_11to14
9990001093730,17.0,티 베리에이션,t_17to20
9990001097130,27.0,에스프레소 베리에이션,t_11to14
9990001119973,19.0,티 베리에이션,t_14to17
9990001121198,81.0,음료,t_14to17
9990001139723,40.0,에스프레소 베리에이션,t_14to17
9990001150218,34.0,에스프레소 베리에이션,t_11to14
9990001151559,108.0,에스프레소 베리에이션,t_8to11
9990001152575,44.0,에스프레소 베리에이션,t_8to11
9990001160620,28.0,티 베리에이션,t_14to17
9990001166574,41.0,에스프레소 베리에이션,t_11to14
9990001168535,100.0,에스프레소 베리에이션,t_14to17
9990001196621,49.0,에스프레소 베리에이션,t_14to17
9990001206379,48.0,에스프레소 베리에이션,t_14to17
9990001233096,75.0,에스프레소 베리에이션,t_11to14
9990001280423,68.0,에스프레소 베리에이션,t_11to14
9990001289770,225.0,에스프레소 베리에이션,t_8to11
9990001303782,26.0,에스프레소 베리에이션,t_11to14
9990001308674,55.0,에스프레소 베리에이션,t_8to11
9990001322892,25.0,에스프레소 베리에이션,t_14to17
9990001332675,144.0,에스프레소 베리에이션,t_8to11
9990001332697,50.0,에스프레소 베리에이션,t_8to11
9990001341357,31.0,에스프레소 베리에이션,t_11to14
9990001349717,36.0,에스프레소 베리에이션,t_17to20
9990001356103,51.0,에스프레소 베리에이션,t_14to17
9990001359494,24.0,에스프레소 베리에이션,t_14to17
9990001431825,31.0,음료,t_11to14
9990001439248,64.0,에스프레소 베리에이션,t_11to14
9990001446411,35.0,에스프레소 베리에이션,t_17to20
9990001449612,25.0,에스프레소 베리에이션,t_14to17
9990001461051,33.0,에스프레소 베리에이션,t_11to14
9990001477111,54.0,티 베리에이션,t_14to17
9990001481121,98.0,에스프레소 베리에이션,t_11to14
9990001495061,57.0,에스프레소 베리에이션,t_11to14
9990001500816,49.0,에스프레소 베리에이션,t_11to14
9990001502792,133.0,에스프레소 베리에이션,t_11to14
9990001506990,195.0,에스프레소 베리에이션,t_8to11
9990001526960,50.0,에스프레소 베리에이션,t_11to14
9990001527865,64.0,에스프레소 베리에이션,t_11to14
9990001529109,15.0,에스프레소 베리에이션,t_8to11
9990001544640,11.0,에스프레소 베리에이션,t_8to11
9990001573742,235.0,에스프레소 베리에이션,t_8to11
9990001574144,42.0,에스프레소 베리에이션,t_20to22
9990001587837,137.0,에스프레소 베리에이션,t_11to14
9990001591169,57.0,에스프레소 베리에이션,t_14to17
9990001596869,32.0,에스프레소 베리에이션,t_11to14
9990001619693,50.0,에스프레소 베리에이션,t_11to14
9990001624244,19.0,에스프레소 베리에이션,t_14to17
9990001625183,426.0,음료,t_11to14
9990001626883,57.0,에스프레소 베리에이션,t_11to14
9990001628904,92.0,에스프레소 베리에이션,t_14to17
9990001631226,109.0,에스프레소 베리에이션,t_11to14
9990001633499,400.0,에스프레소 베리에이션,t_11to14
9990001638744,53.0,티 베리에이션,t_14to17
9990001661821,94.0,에스프레소 베리에이션,t_8to11
9990001667046,198.0,에스프레소 베리에이션,t_8to11
9990001687270,14.0,음료,t_14to17
9990001715890,181.0,에스프레소 베리에이션,t_17to20
9990001719873,18.0,에스프레소 베리에이션,t_11to14
9990001729930,156.0,에스프레소 베리에이션,t_8to11
9990001743446,60.0,에스프레소 베리에이션,t_8to11
9990001752515,103.0,에스프레소 베리에이션,t_14to17
9990001755291,57.0,에스프레소 베리에이션,t_14to17
9990001778794,66.0,에스프레소 베리에이션,t_11to14
9990001803014,40.0,에스프레소 베리에이션,t_8to11
9990001809831,96.0,에스프레소 베리에이션,t_8to11
9990001831933,49.0,에스프레소 베리에이션,t_11to14
9990001836000,53.0,에스프레소 베리에이션,t_22to5
9990001840419,71.0,음료,t_11to14
9990001841153,28.0,에스프레소 베리에이션,t_11to14
9990001854238,87.0,에스프레소 베리에이션,t_11to14
9990001866086,289.0,에스프레소 베리에이션,t_8to11
9990001871131,152.0,에스프레소 베리에이션,t_8to11
9990001887658,172.0,에스프레소 베리에이션,t_5to8
9990001892777,126.0,에스프레소 베리에이션,t_20to22
9990001905160,115.0,에스프레소 베리에이션,t_8to11
9990001917260,31.0,에스프레소 베리에이션,t_11to14
9990001934152,27.0,에스프레소 베리에이션,t_14to17
9990001947129,41.0,에스프레소 베리에이션,t_14to17
9990001947960,40.0,에스프레소 베리에이션,t_14to17
9990001988448,64.0,에스프레소 베리에이션,t_11to14
9990001991976,17.0,에스프레소 베리에이션,t_11to14
9990002002949,46.0,에스프레소 베리에이션,t_14to17
9990002039443,36.0,에스프레소 베리에이션,t_8to11
9990002040115,161.0,에스프레소 베리에이션,t_8to11
9990002041768,63.0,에스프레소 베리에이션,t_17to20
9990002051731,21.0,에스프레소 베리에이션,t_14to17
9990002055546,30.0,에스프레소 베리에이션,t_14to17
9990002061360,100.0,에스프레소 베리에이션,t_11to14
9990002062686,20.0,에스프레소 베리에이션,t_14to17
9990002068055,41.0,에스프레소 베리에이션,t_11to14
9990002068573,22.0,에스프레소 베리에이션,t_14to17
9990002115195,40.0,에스프레소 베리에이션,t_8to11
9990002151538,278.0,에스프레소 베리에이션,t_8to11
9990002160099,254.0,에스프레소 베리에이션,t_14to17
9990002161664,14.0,에스프레소 베리에이션,t_14to17
9990002168321,154.0,에스프레소 베리에이션,t_11to14
9990002170326,81.0,에스프레소 베리에이션,t_11to14
9990002185004,63.0,에스프레소 베리에이션,t_14to17
9990002185780,51.0,에스프레소 베리에이션,t_11to14
9990002189338,54.0,에스프레소 베리에이션,t_8to11
9990002197667,21.0,에스프레소 베리에이션,t_11to14
9990002199744,78.0,에스프레소 베리에이션,t_8to11
9990002201805,102.0,에스프레소 베리에이션,t_14to17
9990002208962,261.0,에스프레소 베리에이션,t_11to14
9990002224291,44.0,에스프레소 베리에이션,t_14to17
9990002226235,65.0,에스프레소 베리에이션,t_11to14
9990002227294,20.0,티 베리에이션,t_14to17
9990002231377,47.0,에스프레소 베리에이션,t_14to17
9990002248235,308.0,에스프레소 베리에이션,t_11to14
9990002258905,68.0,에스프레소 베리에이션,t_8to11
9990002270243,117.0,에스프레소 베리에이션,t_11to14
9990002274750,97.0,에스프레소 베리에이션,t_11to14
9990002283566,74.0,에스프레소 베리에이션,t_11to14
9990002298910,47.0,티 베리에이션,t_11to14
9990002313425,19.0,에스프레소 베리에이션,t_11to14
9990002347544,48.0,에스프레소 베리에이션,t_17to20
9990002347686,10.0,에스프레소 베리에이션,t_17to20
9990002358859,40.0,에스프레소 베리에이션,t_8to11
9990002360405,99.0,에스프레소 베리에이션,t_11to14
9990002368818,35.0,에스프레소 베리에이션,t_17to20
9990002375394,102.0,에스프레소 베리에이션,t_8to11
9990002408658,51.0,에스프레소 베리에이션,t_8to11
9990002410693,226.0,에스프레소 베리에이션,t_11to14
9990002413204,68.0,에스프레소 베리에이션,t_11to14
9990002458119,60.0,에스프레소 베리에이션,t_11to14
9990002482350,59.0,에스프레소 베리에이션,t_14to17
9990002497055,161.0,에스프레소 베리에이션,t_11to14
9990002515671,55.0,에스프레소 베리에이션,t_14to17
9990002519463,11.0,음료,t_14to17
9990002534112,313.0,에스프레소 베리에이션,t_8to11
9990002535541,245.0,에스프레소 베리에이션,t_17to20
9990002541353,261.0,에스프레소 베리에이션,t_8to11
9990002542661,87.0,에스프레소 베리에이션,t_11to14
9990002545696,115.0,에스프레소 베리에이션,t_8to11
9990002573583,34.0,에스프레소 베리에이션,t_11to14
9990002608170,71.0,에스프레소 베리에이션,t_8to11
9990002637391,566.0,에스프레소 베리에이션,t_11to14
9990002639233,286.0,에스프레소 베리에이션,t_11to14
9990002641224,269.0,에스프레소 베리에이션,t_8to11
9990002645570,40.0,에스프레소 베리에이션,t_8to11
9990002662609,34.0,음료,t_11to14
9990002665793,32.0,에스프레소 베리에이션,t_14to17
9990002669811,78.0,에스프레소 베리에이션,t_17to20
9990002670683,47.0,에스프레소 베리에이션,t_11to14
9990002726414,25.0,에스프레소 베리에이션,t_14to17
9990002730115,41.0,에스프레소 베리에이션,t_14to17
9990002730977,56.0,에스프레소 베리에이션,t_11to14
9990002749072,34.0,에스프레소 베리에이션,t_14to17
9990002771542,92.0,에스프레소 베리에이션,t_11to14
9990002776800,39.0,에스프레소 베리에이션,t_11to14
9990002778766,73.0,에스프레소 베리에이션,t_8to11
9990002781042,100.0,에스프레소 베리에이션,t_8to11
9990002818895,136.0,에스프레소 베리에이션,t_14to17
9990002853767,53.0,에스프레소 베리에이션,t_8to11
9990002854738,45.0,에스프레소 베리에이션,t_11to14
9990002874999,18.0,에스프레소 베리에이션,t_11to14
9990002902369,35.0,에스프레소 베리에이션,t_8to11
9990002937541,13.0,에스프레소 베리에이션,t_11to14
9990002967393,50.0,에스프레소 베리에이션,t_11to14
9990002975483,63.0,에스프레소 베리에이션,t_17to20
9990002977208,123.0,에스프레소 베리에이션,t_11to14
9990003022212,74.0,에스프레소 베리에이션,t_14to17
9990003036892,65.0,에스프레소 베리에이션,t_14to17
9990003037616,311.0,에스프레소 베리에이션,t_8to11
9990003040202,29.0,에스프레소 베리에이션,t_8to11
9990003043942,120.0,에스프레소 베리에이션,t_11to14
9990003056965,66.0,에스프레소 베리에이션,t_8to11
9990003064663,23.0,에스프레소 베리에이션,t_11to14
9990003085185,63.0,에스프레소 베리에이션,t_17to20
9990003107263,82.0,에스프레소 베리에이션,t_11to14
9990003134022,94.0,에스프레소 베리에이션,t_11to14
9990003155507,41.0,에스프레소 베리에이션,t_8to11
9990003159895,55.0,에스프레소 베리에이션,t_11to14
9990003161855,66.0,에스프레소 베리에이션,t_8to11
9990003162127,322.0,에스프레소 베리에이션,t_8to11
9990003174660,35.0,에스프레소 베리에이션,t_11to14
9990003175393,72.0,에스프레소 베리에이션,t_11to14
9990003209713,28.0,에스프레소 베리에이션,t_14to17
9990003224825,49.0,에스프레소 베리에이션,t_11to14
9990003237486,39.0,에스프레소 베리에이션,t_14to17
9990003244759,14.0,에스프레소 베리에이션,t_11to14
9990003249966,3.0,에스프레소 베리에이션,t_22to5
9990003277605,105.0,에스프레소 베리에이션,t_8to11
9990003293887,342.0,에스프레소 베리에이션,t_11to14
9990003307370,28.0,에스프레소 베리에이션,t_8to11
9990003310612,63.0,에스프레소 베리에이션,t_17to20
9990003324013,146.0,에스프레소 베리에이션,t_11to14
9990003332155,54.0,에스프레소 베리에이션,t_8to11
9990003346246,70.0,에스프레소 베리에이션,t_14to17
9990003350838,48.0,에스프레소 베리에이션,t_11to14
9990003362018,30.0,에스프레소 베리에이션,t_14to17
9990003381470,17.0,에스프레소 베리에이션,t_17to20
9990003386269,42.0,에스프레소 베리에이션,t_8to11
9990003390627,21.0,음료,t_20to22
9990003407028,152.0,에스프레소 베리에이션,t_11to14
9990003411010,32.0,에스프레소 베리에이션,t_11to14
9990003415308,17.0,에스프레소 베리에이션,t_17to20
9990003427596,93.0,에스프레소 베리에이션,t_14to17
9990003435006,43.0,에스프레소 베리에이션,t_11to14
9990003438278,19.0,에스프레소 베리에이션,t_11to14
9990003440027,56.0,에스프레소 베리에이션,t_17to20
9990003457226,23.0,에스프레소 베리에이션,t_17to20
9990003468355,49.0,에스프레소 베리에이션,t_11to14
9990003473990,38.0,에스프레소 베리에이션,t_11to14
9990003475146,29.0,에스프레소 베리에이션,t_11to14
9990003481508,83.0,에스프레소 베리에이션,t_14to17
9990003495294,40.0,에스프레소 베리에이션,t_14to17
9990003536987,39.0,에스프레소 베리에이션,t_17to20
9990003559628,133.0,에스프레소 베리에이션,t_11to14
9990003566500,32.0,에스프레소 베리에이션,t_14to17
9990003576313,127.0,에스프레소 베리에이션,t_11to14
9990003578167,68.0,에스프레소 베리에이션,t_14to17
9990003579199,23.0,에스프레소 베리에이션,t_8to11
9990003600730,69.0,에스프레소 베리에이션,t_14to17
9990003600959,56.0,에스프레소 베리에이션,t_11to14
9990003620199,334.0,에스프레소 베리에이션,t_8to11
9990003646730,23.0,음료,t_20to22
9990003649520,32.0,에스프레소 베리에이션,t_8to11
9990003659992,37.0,에스프레소 베리에이션,t_11to14
9990003667142,17.0,에스프레소 베리에이션,t_17to20
9990003671633,48.0,음료,t_11to14
9990003673391,103.0,에스프레소 베리에이션,t_11to14
9990003678600,24.0,에스프레소 베리에이션,t_17to20
9990003681641,8.0,에스프레소 베리에이션,t_14to17
9990003691042,10.0,에스프레소 베리에이션,t_11to14
9990003696929,48.0,에스프레소 베리에이션,t_8to11
9990003707448,82.0,에스프레소 베리에이션,t_17to20
9990003721744,24.0,에스프레소 베리에이션,t_17to20
9990003733085,110.0,에스프레소 베리에이션,t_8to11
9990003735038,58.0,에스프레소 베리에이션,t_11to14
9990003742160,253.0,에스프레소 베리에이션,t_8to11
9990003767727,35.0,에스프레소 베리에이션,t_11to14
9990003783926,53.0,에스프레소 베리에이션,t_8to11
9990003790591,32.0,에스프레소 베리에이션,t_20to22
9990003811577,30.0,에스프레소 베리에이션,t_17to20
9990003821066,121.0,에스프레소 베리에이션,t_14to17
9990003822256,79.0,에스프레소 베리에이션,t_11to14
9990003823394,29.0,에스프레소 베리에이션,t_14to17
9990003823887,147.0,에스프레소 베리에이션,t_11to14
9990003824368,48.0,에스프레소 베리에이션,t_14to17
9990003844619,93.0,에스프레소 베리에이션,t_11to14
9990003875948,67.0,에스프레소 베리에이션,t_8to11
9990003878281,46.0,에스프레소 베리에이션,t_11to14
9990003893515,29.0,에스프레소 베리에이션,t_11to14
9990003903560,15.0,에스프레소 베리에이션,t_8to11
9990003904564,129.0,에스프레소 베리에이션,t_11to14
9990003905173,69.0,에스프레소 베리에이션,t_11to14
9990003905316,59.0,에스프레소 베리에이션,t_14to17
9990003926929,34.0,티 베리에이션,t_14to17
9990003928787,42.0,에스프레소 베리에이션,t_14to17
9990003945819,238.0,에스프레소 베리에이션,t_11to14
9990003956021,39.0,에스프레소 베리에이션,t_11to14
9990003965002,179.0,에스프레소 베리에이션,t_11to14
9990003965535,38.0,에스프레소 베리에이션,t_11to14
9990003967944,31.0,음료,t_17to20
9990003969029,41.0,에스프레소 베리에이션,t_17to20
9990003972170,61.0,에스프레소 베리에이션,t_17to20
9990003983794,34.0,에스프레소 베리에이션,t_11to14
9990003985291,35.0,티 베리에이션,t_5to8
9990003985648,25.0,에스프레소 베리에이션,t_17to20
9990004001168,65.0,에스프레소 베리에이션,t_11to14
9990004041973,23.0,에스프레소 베리에이션,t_14to17
9990004042364,11.0,에스프레소 베리에이션,t_11to14
9990004102567,83.0,에스프레소 베리에이션,t_11to14
9990004135524,29.0,에스프레소 베리에이션,t_11to14
9990004147273,272.0,에스프레소 베리에이션,t_11to14
9990004147403,27.0,에스프레소 베리에이션,t_20to22
9990004158633,305.0,에스프레소 베리에이션,t_8to11
9990004165019,21.0,에스프레소 베리에이션,t_11to14
9990004178886,97.0,음료,t_5to8
9990004182665,131.0,에스프레소 베리에이션,t_11to14
9990004262750,239.0,에스프레소 베리에이션,t_11to14
9990004271379,44.0,에스프레소 베리에이션,t_11to14
9990004271912,129.0,에스프레소 베리에이션,t_8to11
9990004305526,167.0,에스프레소 베리에이션,t_11to14
9990004310732,123.0,에스프레소 베리에이션,t_8to11
9990004352311,21.0,에스프레소 베리에이션,t_17to20
9990004373713,56.0,에스프레소 베리에이션,t_14to17
9990004395908,23.0,에스프레소 베리에이션,t_11to14
9990004420219,103.0,에스프레소 베리에이션,t_11to14
9990004422527,26.0,음료,t_14to17
9990004422985,129.0,에스프레소 베리에이션,t_8to11
9990004429317,180.0,에스프레소 베리에이션,t_17to20
9990004430273,129.0,에스프레소 베리에이션,t_8to11
9990004461201,46.0,에스프레소 베리에이션,t_11to14
9990004462713,87.0,에스프레소 베리에이션,t_11to14
9990004465390,161.0,에스프레소 베리에이션,t_11to14
9990004470177,32.0,에스프레소 베리에이션,t_11to14
9990004490009,18.0,에스프레소 베리에이션,t_14to17
9990004502069,9.0,에스프레소 베리에이션,t_8to11
9990004507400,64.0,에스프레소 베리에이션,t_8to11
9990004510730,11.0,에스프레소 베리에이션,t_11to14
9990004522360,14.0,에스프레소 베리에이션,t_17to20
9990004540981,31.0,에스프레소 베리에이션,t_17to20
9990004544836,89.0,에스프레소 베리에이션,t_20to22
9990004552183,24.0,티 베리에이션,t_14to17
9990004552528,51.0,에스프레소 베리에이션,t_11to14
9990004570326,117.0,에스프레소 베리에이션,t_11to14
9990004617322,11.0,에스프레소 베리에이션,t_11to14
9990004618248,38.0,에스프레소 베리에이션,t_14to17
9990004623933,55.0,에스프레소 베리에이션,t_11to14
9990004642808,44.0,에스프레소 베리에이션,t_11to14
9990004647796,140.0,에스프레소 베리에이션,t_8to11
9990004680770,26.0,에스프레소 베리에이션,t_8to11
9990004684888,38.0,에스프레소 베리에이션,t_11to14
9990004693847,148.0,에스프레소 베리에이션,t_11to14
9990004693892,29.0,음료,t_17to20
9990004783497,64.0,에스프레소 베리에이션,t_14to17
9990004786557,232.0,에스프레소 베리에이션,t_11to14
9990004820960,161.0,에스프레소 베리에이션,t_11to14
9990004826585,28.0,에스프레소 베리에이션,t_11to14
9990004828986,30.0,에스프레소 베리에이션,t_14to17
9990004871317,123.0,에스프레소 베리에이션,t_11to14
9990004875926,9.0,에스프레소 베리에이션,t_14to17
9990004892698,103.0,에스프레소 베리에이션,t_14to17
9990004930587,24.0,에스프레소 베리에이션,t_8to11
9990004934114,1060.0,에스프레소 베리에이션,t_11to14
9990004938460,26.0,에스프레소 베리에이션,t_11to14
9990004947557,71.0,에스프레소 베리에이션,t_8to11
9990004962416,58.0,에스프레소 베리에이션,t_17to20
9990004982265,99.0,에스프레소 베리에이션,t_20to22
9990005020843,2.0,에스프레소 베리에이션,t_14to17
9990005024856,134.0,에스프레소 베리에이션,t_17to20
9990005038325,30.0,에스프레소 베리에이션,t_14to17
9990005039387,100.0,에스프레소 베리에이션,t_11to14
9990005048379,40.0,티 베리에이션,t_20to22
9990005076821,432.0,에스프레소 베리에이션,t_11to14
9990005081940,11.0,에스프레소 베리에이션,t_17to20
9990005092687,31.0,에스프레소 베리에이션,t_14to17
9990005111571,55.0,에스프레소 베리에이션,t_11to14
9990005128877,96.0,에스프레소 베리에이션,t_11to14
9990005138790,125.0,에스프레소 베리에이션,t_14to17
9990005160831,20.0,에스프레소 베리에이션,t_11to14
9990005183691,31.0,에스프레소 베리에이션,t_14to17
9990005191241,35.0,에스프레소 베리에이션,t_14to17
9990005224634,34.0,에스프레소 베리에이션,t_14to17
9990005235661,42.0,에스프레소 베리에이션,t_17to20
9990005293489,79.0,에스프레소 베리에이션,t_14to17
9990005312222,114.0,에스프레소 베리에이션,t_20to22
9990005320909,185.0,에스프레소 베리에이션,t_11to14
9990005348035,45.0,에스프레소 베리에이션,t_11to14
9990005348285,31.0,에스프레소 베리에이션,t_20to22
9990005376884,167.0,에스프레소 베리에이션,t_8to11
9990005412564,88.0,에스프레소 베리에이션,t_11to14
9990005420653,38.0,에스프레소 베리에이션,t_14to17
9990005428213,53.0,에스프레소 베리에이션,t_8to11
9990005430390,28.0,티 베리에이션,t_8to11
9990005439107,108.0,에스프레소 베리에이션,t_11to14
9990005457490,34.0,에스프레소 베리에이션,t_17to20
9990005467046,60.0,에스프레소 베리에이션,t_11to14
9990005468409,31.0,에스프레소 베리에이션,t_14to17
9990005471755,67.0,에스프레소 베리에이션,t_14to17
9990005480744,43.0,음료,t_17to20
9990005496190,56.0,에스프레소 베리에이션,t_17to20
9990005498248,70.0,음료,t_14to17
9990005524438,39.0,에스프레소 베리에이션,t_8to11
9990005524887,181.0,에스프레소 베리에이션,t_14to17
9990005527455,53.0,에스프레소 베리에이션,t_14to17
9990005564557,218.0,에스프레소 베리에이션,t_8to11
9990005577771,92.0,에스프레소 베리에이션,t_17to20
9990005579706,18.0,에스프레소 베리에이션,t_11to14
9990005583819,606.0,에스프레소 베리에이션,t_11to14
9990005584936,19.0,에스프레소 베리에이션,t_8to11
9990005615508,42.0,에스프레소 베리에이션,t_8to11
9990005654519,86.0,에스프레소 베리에이션,t_14to17
9990005660378,23.0,에스프레소 베리에이션,t_11to14
9990005676716,48.0,에스프레소 베리에이션,t_11to14
9990005718526,298.0,에스프레소 베리에이션,t_11to14
9990005763515,45.0,에스프레소 베리에이션,t_8to11
9990005786705,133.0,에스프레소 베리에이션,t_8to11
9990005791255,98.0,에스프레소 베리에이션,t_11to14
9990005823792,414.0,에스프레소 베리에이션,t_8to11
9990005852903,13.0,에스프레소 베리에이션,t_8to11
9990005894530,190.0,에스프레소 베리에이션,t_8to11
9990005905503,179.0,음료,t_8to11
9990005917895,110.0,에스프레소 베리에이션,t_11to14
9990005922182,85.0,음료,t_11to14
9990005973145,72.0,에스프레소 베리에이션,t_17to20
9990005986499,56.0,에스프레소 베리에이션,t_11to14
9990005994459,32.0,에스프레소 베리에이션,t_8to11
9990006020703,56.0,에스프레소 베리에이션,t_14to17
9990006026934,80.0,에스프레소 베리에이션,t_11to14
9990006035615,51.0,음료,t_14to17
9990006046941,29.0,에스프레소 베리에이션,t_14to17
9990006051061,125.0,에스프레소 베리에이션,t_11to14
9990006060640,49.0,에스프레소 베리에이션,t_11to14
9990006062402,48.0,에스프레소 베리에이션,t_17to20
9990006071476,47.0,에스프레소 베리에이션,t_8to11
9990006127928,72.0,에스프레소 베리에이션,t_11to14
9990006142871,18.0,에스프레소 베리에이션,t_17to20
9990006164413,24.0,에스프레소 베리에이션,t_14to17
9990006179374,32.0,음료,t_11to14
9990006202195,20.0,에스프레소 베리에이션,t_17to20
9990006210873,47.0,에스프레소 베리에이션,t_11to14
9990006229266,117.0,에스프레소 베리에이션,t_8to11
9990006244003,100.0,에스프레소 베리에이션,t_11to14
9990006251039,18.0,에스프레소 베리에이션,t_11to14
9990006274815,106.0,에스프레소 베리에이션,t_11to14
9990006303689,70.0,에스프레소 베리에이션,t_11to14
9990006306599,51.0,에스프레소 베리에이션,t_11to14
9990006309164,4.0,음료,t_11to14
9990006316465,286.0,에스프레소 베리에이션,t_8to11
9990006316631,388.0,에스프레소 베리에이션,t_11to14
9990006325880,190.0,에스프레소 베리에이션,t_11to14
9990006340404,72.0,에스프레소 베리에이션,t_11to14
9990006361937,130.0,에스프레소 베리에이션,t_11to14
9990006387260,97.0,에스프레소 베리에이션,t_8to11
9990006392345,173.0,에스프레소 베리에이션,t_8to11
9990006401542,16.0,에스프레소 베리에이션,t_11to14
9990006490590,22.0,에스프레소 베리에이션,t_11to14
9990006521579,243.0,에스프레소 베리에이션,t_22to5
9990006546286,139.0,에스프레소 베리에이션,t_14to17
9990006561376,106.0,에스프레소 베리에이션,t_17to20
9990006587100,111.0,에스프레소 베리에이션,t_11to14
9990006605811,37.0,에스프레소 베리에이션,t_11to14
9990006633353,48.0,에스프레소 베리에이션,t_11to14
9990006672749,32.0,에스프레소 베리에이션,t_11to14
9990006696164,45.0,에스프레소 베리에이션,t_14to17
9990006700256,54.0,에스프레소 베리에이션,t_14to17
9990006765893,58.0,에스프레소 베리에이션,t_11to14
9990006783085,24.0,에스프레소 베리에이션,t_17to20
9990006803171,5.0,에스프레소 베리에이션,t_11to14
9990006821723,52.0,에스프레소 베리에이션,t_17to20
9990006845695,72.0,에스프레소 베리에이션,t_11to14
9990006865403,117.0,에스프레소 베리에이션,t_8to11
9990006876323,83.0,에스프레소 베리에이션,t_17to20
9990006882392,83.0,에스프레소 베리에이션,t_11to14
9990006921439,129.0,에스프레소 베리에이션,t_11to14
9990007008570,60.0,에스프레소 베리에이션,t_11to14
9990007024682,116.0,에스프레소 베리에이션,t_14to17
9990007060351,61.0,에스프레소 베리에이션,t_20to22
9990007090067,338.0,에스프레소 베리에이션,t_20to22
9990007152827,57.0,에스프레소 베리에이션,t_11to14
9990007177557,31.0,에스프레소 베리에이션,t_14to17
9990007191653,24.0,에스프레소 베리에이션,t_20to22
9990007210869,64.0,에스프레소 베리에이션,t_14to17
9990007218906,140.0,음료,t_14to17
9990007272670,93.0,에스프레소 베리에이션,t_11to14
9990007290783,18.0,에스프레소 베리에이션,t_11to14
9990007291587,59.0,음료,t_14to17
9990007318742,261.0,에스프레소 베리에이션,t_11to14
9990007360247,51.0,에스프레소 베리에이션,t_11to14
9990007401486,89.0,에스프레소 베리에이션,t_11to14
9990007409847,34.0,에스프레소 베리에이션,t_14to17
9990007425720,45.0,에스프레소 베리에이션,t_14to17
9990007449093,11.0,에스프레소 베리에이션,t_20to22
9990007480795,71.0,에스프레소 베리에이션,t_11to14
9990007553094,125.0,에스프레소 베리에이션,t_8to11
9990007570076,142.0,에스프레소 베리에이션,t_11to14
9990007575299,111.0,에스프레소 베리에이션,t_8to11
9990007609596,127.0,에스프레소 베리에이션,t_11to14
9990007624791,88.0,에스프레소 베리에이션,t_11to14
9990007642861,36.0,에스프레소 베리에이션,t_11to14
9990007658056,18.0,에스프레소 베리에이션,t_8to11
9990007673386,49.0,에스프레소 베리에이션,t_8to11
9990007700735,29.0,에스프레소 베리에이션,t_14to17
9990007723979,80.0,에스프레소 베리에이션,t_17to20
9990007727639,33.0,음료,t_14to17
9990007729029,46.0,에스프레소 베리에이션,t_14to17
9990007734443,44.0,에스프레소 베리에이션,t_14to17
9990007736996,72.0,에스프레소 베리에이션,t_11to14
9990007761143,38.0,에스프레소 베리에이션,t_8to11
9990007783962,17.0,에스프레소 베리에이션,t_17to20
9990007805776,61.0,에스프레소 베리에이션,t_14to17
9990007812548,38.0,에스프레소 베리에이션,t_11to14
9990007893117,24.0,에스프레소 베리에이션,t_14to17
9990007895718,135.0,에스프레소 베리에이션,t_8to11
9990007901870,65.0,에스프레소 베리에이션,t_8to11
9990007937155,160.0,에스프레소 베리에이션,t_8to11
9990007945068,47.0,에스프레소 베리에이션,t_8to11
9990007993869,84.0,에스프레소 베리에이션,t_8to11
9990008005874,97.0,에스프레소 베리에이션,t_11to14
9990008020526,43.0,에스프레소 베리에이션,t_8to11
9990008065090,38.0,에스프레소 베리에이션,t_14to17
9990008075974,33.0,에스프레소 베리에이션,t_17to20
9990008089501,166.0,에스프레소 베리에이션,t_8to11
9990008103828,29.0,에스프레소 베리에이션,t_11to14
9990008160920,28.0,에스프레소 베리에이션,t_17to20
9990008171024,18.0,에스프레소 베리에이션,t_14to17
9990008172199,148.0,에스프레소 베리에이션,t_8to11
9990008208069,82.0,에스프레소 베리에이션,t_14to17
9990008208080,67.0,에스프레소 베리에이션,t_8to11
9990008214033,71.0,에스프레소 베리에이션,t_11to14
9990008231540,121.0,에스프레소 베리에이션,t_8to11
9990008237792,99.0,에스프레소 베리에이션,t_11to14
9990008251171,76.0,에스프레소 베리에이션,t_8to11
9990008322197,35.0,에스프레소 베리에이션,t_20to22
9990008352005,21.0,음료,t_14to17
9990008352361,71.0,에스프레소 베리에이션,t_11to14
9990008372004,23.0,에스프레소 베리에이션,t_11to14
9990008419254,88.0,에스프레소 베리에이션,t_11to14
9990008423181,16.0,에스프레소 베리에이션,t_11to14
9990008432692,107.0,에스프레소 베리에이션,t_11to14
9990008459849,148.0,에스프레소 베리에이션,t_11to14
9990008486022,156.0,에스프레소 베리에이션,t_14to17
9990008511948,9.0,에스프레소 베리에이션,t_8to11
9990008519868,68.0,에스프레소 베리에이션,t_11to14
9990008540628,17.0,에스프레소 베리에이션,t_11to14
9990008545969,158.0,에스프레소 베리에이션,t_14to17
9990008614660,46.0,에스프레소 베리에이션,t_11to14
9990008674662,69.0,에스프레소 베리에이션,t_17to20
9990008701214,19.0,에스프레소 베리에이션,t_11to14
9990008714730,27.0,에스프레소 베리에이션,t_11to14
9990008716254,87.0,에스프레소 베리에이션,t_14to17
9990008719503,33.0,에스프레소 베리에이션,t_8to11
9990008847577,15.0,에스프레소 베리에이션,t_14to17
9990008879861,22.0,에스프레소 베리에이션,t_14to17
9990008895096,25.0,에스프레소 베리에이션,t_11to14
9990008936494,111.0,에스프레소 베리에이션,t_8to11
9990008965879,45.0,에스프레소 베리에이션,t_14to17
9990009053241,125.0,에스프레소 베리에이션,t_11to14
9990009070186,308.0,에스프레소 베리에이션,t_8to11
9990009078670,36.0,에스프레소 베리에이션,t_11to14
9990009080049,54.0,에스프레소 베리에이션,t_11to14
9990009107576,178.0,에스프레소 베리에이션,t_8to11
9990009130771,15.0,에스프레소 베리에이션,t_14to17
9990009142156,96.0,에스프레소 베리에이션,t_8to11
9990009165167,65.0,에스프레소 베리에이션,t_11to14
9990009191223,55.0,에스프레소 베리에이션,t_14to17
9990009196767,38.0,에스프레소 베리에이션,t_11to14
9990009199545,33.0,에스프레소 베리에이션,t_11to14
9990009233421,67.0,에스프레소 베리에이션,t_20to22
9990009280862,51.0,에스프레소 베리에이션,t_11to14
9990009299542,133.0,에스프레소 베리에이션,t_14to17
9990009308049,107.0,에스프레소 베리에이션,t_17to20
9990009319020,33.0,에스프레소 베리에이션,t_8to11
9990009326449,107.0,에스프레소 베리에이션,t_11to14
9990009330669,20.0,에스프레소 베리에이션,t_17to20
9990009383469,24.0,에스프레소 베리에이션,t_17to20
9990009400560,10.0,에스프레소 베리에이션,t_11to14
9990009404426,44.0,에스프레소 베리에이션,t_14to17
9990009477512,23.0,에스프레소 베리에이션,t_11to14
9990009486788,24.0,에스프레소 베리에이션,t_17to20
9990009516905,28.0,에스프레소 베리에이션,t_17to20
9990009519595,216.0,에스프레소 베리에이션,t_14to17
9990009521390,60.0,에스프레소 베리에이션,t_11to14
9990009539415,25.0,에스프레소 베리에이션,t_14to17
9990009555034,26.0,에스프레소 베리에이션,t_17to20
9990009592474,109.0,에스프레소 베리에이션,t_14to17
9990009609182,79.0,에스프레소 베리에이션,t_8to11
9990009635009,5.0,에스프레소 베리에이션,t_11to14
9990009645161,44.0,에스프레소 베리에이션,t_14to17
9990009691024,46.0,에스프레소 베리에이션,t_8to11
9990009691693,87.0,에스프레소 베리에이션,t_11to14
9990009698020,27.0,에스프레소 베리에이션,t_11to14
9990009710962,60.0,에스프레소 베리에이션,t_14to17
9990009759029,75.0,에스프레소 베리에이션,t_11to14
9990009864428,27.0,에스프레소 베리에이션,t_11to14
9990009870520,51.0,에스프레소 베리에이션,t_8to11
9990009876242,31.0,에스프레소 베리에이션,t_20to22
9990009879882,109.0,에스프레소 베리에이션,t_17to20
9990009893110,58.0,에스프레소 베리에이션,t_11to14
9990009916793,24.0,에스프레소 베리에이션,t_14to17
9990009925146,197.0,에스프레소 베리에이션,t_8to11
9990009931805,43.0,에스프레소 베리에이션,t_14to17
9990009937976,158.0,에스프레소 베리에이션,t_11to14
9990009961567,26.0,에스프레소 베리에이션,t_14to17
9990009962579,48.0,에스프레소 베리에이션,t_11to14
9990009966458,27.0,에스프레소 베리에이션,t_14to17
9990009968202,49.0,에스프레소 베리에이션,t_14to17
9990009971742,467.0,에스프레소 베리에이션,t_8to11
9990009976207,60.0,에스프레소 베리에이션,t_8to11
9990009997119,55.0,에스프레소 베리에이션,t_14to17
9990010024350,46.0,에스프레소 베리에이션,t_11to14
9990010063248,35.0,음료,t_20to22
9990010079205,9.0,에스프레소 베리에이션,t_20to22
9990010227828,107.0,에스프레소 베리에이션,t_11to14
9990010272985,22.0,에스프레소 베리에이션,t_11to14
9990010285031,145.0,에스프레소 베리에이션,t_8to11
9990010288579,31.0,에스프레소 베리에이션,t_14to17
9990010351395,12.0,에스프레소 베리에이션,t_20to22
9990010352968,32.0,에스프레소 베리에이션,t_17to20
9990010395558,106.0,에스프레소 베리에이션,t_17to20
9990010432868,66.0,음료,t_14to17
9990010445260,73.0,에스프레소 베리에이션,t_14to17
9990010453820,39.0,에스프레소 베리에이션,t_20to22
9990010502814,14.0,에스프레소 베리에이션,t_14to17
9990010522426,157.0,에스프레소 베리에이션,t_8to11
9990010537814,60.0,에스프레소 베리에이션,t_11to14
9990010575945,83.0,에스프레소 베리에이션,t_11to14
9990010590283,116.0,에스프레소 베리에이션,t_11to14
9990010667538,122.0,에스프레소 베리에이션,t_11to14
9990010669907,34.0,에스프레소 베리에이션,t_8to11
9990010680570,44.0,에스프레소 베리에이션,t_17to20
9990010682080,259.0,에스프레소 베리에이션,t_11to14
9990010713635,68.0,에스프레소 베리에이션,t_20to22
9990010744650,67.0,에스프레소 베리에이션,t_14to17
9990010757779,56.0,에스프레소 베리에이션,t_17to20
9990010786881,615.0,에스프레소 베리에이션,t_14to17
9990010806057,66.0,에스프레소 베리에이션,t_11to14
9990010948392,28.0,음료,t_11to14
9990010952207,32.0,음료,t_17to20
9990010966422,59.0,에스프레소 베리에이션,t_17to20
9990010974582,137.0,에스프레소 베리에이션,t_11to14
9990010995802,24.0,에스프레소 베리에이션,t_11to14
9990011045537,47.0,음료,t_14to17
9990011093546,22.0,에스프레소 베리에이션,t_14to17
9990011094496,32.0,에스프레소 베리에이션,t_14to17
9990011120565,29.0,에스프레소 베리에이션,t_8to11
9990011124403,69.0,에스프레소 베리에이션,t_11to14
9990011189022,49.0,에스프레소 베리에이션,t_11to14
9990011228444,34.0,에스프레소 베리에이션,t_8to11
9990011262313,63.0,티 베리에이션,t_11to14
9990011264561,30.0,에스프레소 베리에이션,t_8to11
9990011278872,76.0,에스프레소 베리에이션,t_11to14
9990011340454,71.0,에스프레소 베리에이션,t_8to11
9990011353571,109.0,에스프레소 베리에이션,t_8to11
9990011371970,32.0,에스프레소 베리에이션,t_11to14
9990011384195,162.0,에스프레소 베리에이션,t_11to14
9990011386006,144.0,에스프레소 베리에이션,t_8to11
9990011393788,224.0,에스프레소 베리에이션,t_11to14
9990011439092,31.0,에스프레소 베리에이션,t_11to14
9990011461867,158.0,에스프레소 베리에이션,t_11to14
9990011463911,18.0,에스프레소 베리에이션,t_11to14
9990011525853,56.0,에스프레소 베리에이션,t_20to22
9990011537115,28.0,에스프레소 베리에이션,t_14to17
9990011548309,21.0,티 베리에이션,t_14to17
9990011576123,45.0,음료,t_20to22
9990011620769,61.0,에스프레소 베리에이션,t_14to17
9990011634869,123.0,에스프레소 베리에이션,t_14to17
9990011701596,51.0,에스프레소 베리에이션,t_8to11
9990011723816,36.0,에스프레소 베리에이션,t_14to17
9990011738650,55.0,에스프레소 베리에이션,t_8to11
9990011761351,189.0,에스프레소 베리에이션,t_8to11
9990011797982,13.0,음료,t_14to17
9990011843005,29.0,에스프레소 베리에이션,t_14to17
9990012000375,71.0,에스프레소 베리에이션,t_11to14
9990012004706,73.0,에스프레소 베리에이션,t_17to20
9990012050453,236.0,에스프레소 베리에이션,t_14to17
9990012051682,26.0,음료,t_11to14
9990012239961,164.0,에스프레소 베리에이션,t_11to14
9990012267077,51.0,에스프레소 베리에이션,t_14to17
9990012287628,348.0,음료,t_20to22
9990012321577,40.0,에스프레소 베리에이션,t_14to17
9990012332062,290.0,에스프레소 베리에이션,t_8to11
9990012375542,81.0,에스프레소 베리에이션,t_8to11
9990012399052,171.0,에스프레소 베리에이션,t_17to20
9990012463064,86.0,에스프레소 베리에이션,t_17to20
9990012486065,40.0,음료,t_20to22
9990012488186,64.0,에스프레소 베리에이션,t_14to17
9990012511186,91.0,에스프레소 베리에이션,t_14to17
9990012519278,38.0,음료,t_8to11
9990012538999,63.0,에스프레소 베리에이션,t_14to17
9990012552711,63.0,에스프레소 베리에이션,t_11to14
9990012571540,61.0,에스프레소 베리에이션,t_8to11
9990012572410,39.0,에스프레소 베리에이션,t_14to17
9990012577216,196.0,에스프레소 베리에이션,t_8to11
9990012577891,277.0,에스프레소 베리에이션,t_17to20
9990012588222,45.0,에스프레소 베리에이션,t_8to11
9990012616523,100.0,에스프레소 베리에이션,t_14to17
9990012635683,76.0,에스프레소 베리에이션,t_17to20
9990012643747,35.0,에스프레소 베리에이션,t_14to17
9990012657474,44.0,음료,t_14to17
9990012678948,79.0,에스프레소 베리에이션,t_11to14
9990012679431,50.0,에스프레소 베리에이션,t_11to14
9990012689687,30.0,에스프레소 베리에이션,t_14to17
9990012695159,57.0,에스프레소 베리에이션,t_14to17
9990012699535,132.0,에스프레소 베리에이션,t_11to14
9990012751198,48.0,티 베리에이션,t_11to14
9990012755980,72.0,에스프레소 베리에이션,t_11to14
9990012801201,53.0,에스프레소 베리에이션,t_14to17
9990012823392,127.0,에스프레소 베리에이션,t_14to17
9990012828527,53.0,에스프레소 베리에이션,t_17to20
9990012856463,37.0,에스프레소 베리에이션,t_14to17
9990012974685,37.0,에스프레소 베리에이션,t_14to17
9990013009770,145.0,에스프레소 베리에이션,t_14to17
9990013025201,25.0,에스프레소 베리에이션,t_17to20
9990013040356,499.0,에스프레소 베리에이션,t_8to11
9990013045017,128.0,에스프레소 베리에이션,t_17to20
9990013137569,20.0,에스프레소 베리에이션,t_17to20
9990013165234,31.0,에스프레소 베리에이션,t_11to14
9990013183973,135.0,에스프레소 베리에이션,t_8to11
9990013187814,103.0,에스프레소 베리에이션,t_11to14
9990013189298,103.0,에스프레소 베리에이션,t_8to11
9990013204087,54.0,음료,t_14to17
9990013223262,59.0,에스프레소 베리에이션,t_11to14
9990013225682,10.0,에스프레소 베리에이션,t_14to17
9990013242732,71.0,에스프레소 베리에이션,t_14to17
9990013299051,219.0,에스프레소 베리에이션,t_5to8
9990013345077,261.0,에스프레소 베리에이션,t_14to17
9990013411460,214.0,에스프레소 베리에이션,t_11to14
9990013440006,114.0,에스프레소 베리에이션,t_8to11
9990013462578,41.0,에스프레소 베리에이션,t_14to17
9990013468493,32.0,에스프레소 베리에이션,t_14to17
9990013483886,92.0,에스프레소 베리에이션,t_11to14
9990013495760,89.0,에스프레소 베리에이션,t_11to14
9990013514298,37.0,에스프레소 베리에이션,t_8to11
9990013534282,88.0,에스프레소 베리에이션,t_11to14
9990013558202,189.0,에스프레소 베리에이션,t_11to14
9990013591781,179.0,에스프레소 베리에이션,t_11to14
9990013612175,88.0,에스프레소 베리에이션,t_11to14
9990013713544,8.0,에스프레소 베리에이션,t_14to17
9990013726905,56.0,에스프레소 베리에이션,t_11to14
9990013737366,122.0,에스프레소 베리에이션,t_14to17
9990013738397,102.0,에스프레소 베리에이션,t_8to11
9990013749996,125.0,에스프레소 베리에이션,t_11to14
9990013765237,41.0,에스프레소 베리에이션,t_14to17
9990013796164,56.0,에스프레소 베리에이션,t_8to11
9990013825262,28.0,에스프레소 베리에이션,t_11to14
9990013829254,134.0,에스프레소 베리에이션,t_11to14
9990013831106,296.0,에스프레소 베리에이션,t_11to14
9990013847014,267.0,에스프레소 베리에이션,t_8to11
9990013847708,19.0,에스프레소 베리에이션,t_11to14
9990013847725,29.0,에스프레소 베리에이션,t_11to14
9990013863716,110.0,에스프레소 베리에이션,t_8to11
9990013890437,63.0,에스프레소 베리에이션,t_11to14
9990013898512,113.0,에스프레소 베리에이션,t_14to17
9990013967641,19.0,에스프레소 베리에이션,t_11to14
9990013987480,42.0,에스프레소 베리에이션,t_11to14
9990014050883,116.0,에스프레소 베리에이션,t_8to11
9990014094851,40.0,에스프레소 베리에이션,t_14to17
9990014119131,104.0,에스프레소 베리에이션,t_14to17
9990014181630,31.0,에스프레소 베리에이션,t_14to17
9990014200262,29.0,에스프레소 베리에이션,t_14to17
9990014214262,49.0,음료,t_14to17
9990014224274,40.0,에스프레소 베리에이션,t_11to14
9990014279674,33.0,에스프레소 베리에이션,t_11to14
9990014333996,196.0,에스프레소 베리에이션,t_11to14
9990014351056,162.0,에스프레소 베리에이션,t_14to17
9990014369725,47.0,에스프레소 베리에이션,t_14to17
9990014380488,87.0,에스프레소 베리에이션,t_17to20
9990014385777,45.0,에스프레소 베리에이션,t_17to20
9990014525388,28.0,에스프레소 베리에이션,t_14to17
9990014530847,25.0,에스프레소 베리에이션,t_17to20
9990014727691,45.0,에스프레소 베리에이션,t_17to20
9990014750137,48.0,에스프레소 베리에이션,t_11to14
9990014785204,47.0,에스프레소 베리에이션,t_11to14
9990014998507,68.0,에스프레소 베리에이션,t_11to14
9990015025678,112.0,에스프레소 베리에이션,t_11to14
9990015025818,123.0,에스프레소 베리에이션,t_8to11
9990015032551,93.0,에스프레소 베리에이션,t_20to22
9990015036765,100.0,에스프레소 베리에이션,t_11to14
9990015091840,176.0,에스프레소 베리에이션,t_17to20
9990015096019,31.0,에스프레소 베리에이션,t_8to11
9990015153355,34.0,에스프레소 베리에이션,t_14to17
9990015170551,113.0,에스프레소 베리에이션,t_20to22
9990015197248,25.0,에스프레소 베리에이션,t_14to17
9990015198419,20.0,티 베리에이션,t_8to11
9990015210310,88.0,에스프레소 베리에이션,t_17to20
9990015375811,38.0,에스프레소 베리에이션,t_14to17
9990015607755,25.0,티 베리에이션,t_14to17
9990015708209,29.0,에스프레소 베리에이션,t_17to20
9990015804708,96.0,에스프레소 베리에이션,t_11to14
9990015810976,46.0,에스프레소 베리에이션,t_11to14
9990015829191,15.0,음료,t_17to20
9990015886348,74.0,에스프레소 베리에이션,t_11to14
9990015933506,36.0,에스프레소 베리에이션,t_14to17
9990016001084,36.0,에스프레소 베리에이션,t_14to17
9990016016714,34.0,음료,t_11to14
9990016021386,94.0,에스프레소 베리에이션,t_8to11
9990016068827,114.0,에스프레소 베리에이션,t_8to11
9990016309580,18.0,에스프레소 베리에이션,t_11to14
9990016528158,132.0,에스프레소 베리에이션,t_5to8
9990016669759,35.0,에스프레소 베리에이션,t_11to14
9990016677990,136.0,에스프레소 베리에이션,t_11to14
9990016693052,354.0,에스프레소 베리에이션,t_5to8
9990016706454,72.0,에스프레소 베리에이션,t_8to11
9990016719030,45.0,에스프레소 베리에이션,t_14to17
9990016788857,35.0,에스프레소 베리에이션,t_11to14
9990016853890,167.0,에스프레소 베리에이션,t_11to14
9990016855442,41.0,에스프레소 베리에이션,t_11to14
9990016887512,73.0,에스프레소 베리에이션,t_14to17
9990016929529,46.0,에스프레소 베리에이션,t_14to17
9990017049561,56.0,에스프레소 베리에이션,t_17to20
9990017056515,43.0,에스프레소 베리에이션,t_11to14
9990017085028,58.0,에스프레소 베리에이션,t_8to11
9990017089579,45.0,에스프레소 베리에이션,t_17to20
9990017104485,59.0,에스프레소 베리에이션,t_17to20
9990017129983,35.0,에스프레소 베리에이션,t_14to17
9990017139400,264.0,에스프레소 베리에이션,t_11to14
9990017146000,52.0,에스프레소 베리에이션,t_14to17
9990017221535,69.0,에스프레소 베리에이션,t_14to17
9990017244823,60.0,에스프레소 베리에이션,t_14to17
9990017262016,392.0,에스프레소 베리에이션,t_8to11
9990017262692,190.0,에스프레소 베리에이션,t_14to17
9990017267114,24.0,에스프레소 베리에이션,t_8to11
9990017318112,25.0,티 베리에이션,t_14to17
9990017321844,40.0,에스프레소 베리에이션,t_14to17
9990017328047,84.0,에스프레소 베리에이션,t_17to20
9990017333619,104.0,에스프레소 베리에이션,t_14to17
9990017352123,46.0,에스프레소 베리에이션,t_14to17
9990017370240,81.0,에스프레소 베리에이션,t_20to22
9990017392574,86.0,에스프레소 베리에이션,t_14to17
9990017397146,109.0,음료,t_14to17
9990017399292,27.0,에스프레소 베리에이션,t_11to14
9990017433455,40.0,에스프레소 베리에이션,t_11to14
9990017502184,56.0,에스프레소 베리에이션,t_14to17
9990017510046,115.0,에스프레소 베리에이션,t_11to14
9990017529796,69.0,에스프레소 베리에이션,t_17to20
9990017537599,17.0,음료,t_11to14
9990017676520,69.0,에스프레소 베리에이션,t_5to8
9990017678059,32.0,에스프레소 베리에이션,t_8to11
9990017780339,74.0,에스프레소 베리에이션,t_14to17
9990017797941,14.0,에스프레소 베리에이션,t_11to14
9990017799993,53.0,에스프레소 베리에이션,t_17to20
9990017819647,56.0,에스프레소 베리에이션,t_8to11
9990017833458,52.0,에스프레소 베리에이션,t_14to17
9990017834112,12.0,에스프레소 베리에이션,t_20to22
9990017886837,208.0,에스프레소 베리에이션,t_8to11
9990017888574,44.0,음료,t_20to22
9990017912689,43.0,에스프레소 베리에이션,t_14to17
9990017925543,103.0,에스프레소 베리에이션,t_8to11
9990017936902,1709.0,에스프레소 베리에이션,t_17to20
9990017941498,28.0,에스프레소 베리에이션,t_14to17
9990017971764,79.0,에스프레소 베리에이션,t_11to14
9990018024176,24.0,티 베리에이션,t_14to17
9990018097209,123.0,에스프레소 베리에이션,t_14to17
9990018129330,78.0,에스프레소 베리에이션,t_11to14
9990018232075,62.0,에스프레소 베리에이션,t_8to11
9990018238296,87.0,에스프레소 베리에이션,t_14to17
9990018261250,221.0,에스프레소 베리에이션,t_8to11
9990018422156,63.0,에스프레소 베리에이션,t_11to14
9990018430508,134.0,에스프레소 베리에이션,t_11to14
9990018441353,219.0,음료,t_14to17
9990018493002,65.0,에스프레소 베리에이션,t_11to14
9990018519543,45.0,에스프레소 베리에이션,t_20to22
9990018521553,113.0,에스프레소 베리에이션,t_14to17
9990018524353,233.0,에스프레소 베리에이션,t_8to11
9990018531490,116.0,에스프레소 베리에이션,t_8to11
9990018534388,107.0,에스프레소 베리에이션,t_8to11
9990018558606,40.0,에스프레소 베리에이션,t_11to14
9990018589081,85.0,에스프레소 베리에이션,t_17to20
9990018589234,35.0,에스프레소 베리에이션,t_14to17
9990018639099,23.0,음료,t_14to17
9990018671710,197.0,에스프레소 베리에이션,t_8to11
9990018747908,58.0,에스프레소 베리에이션,t_8to11
9990018762352,90.0,에스프레소 베리에이션,t_8to11
9990018831752,118.0,에스프레소 베리에이션,t_14to17
9990018845050,63.0,에스프레소 베리에이션,t_8to11
9990018879703,22.0,에스프레소 베리에이션,t_11to14
9990018890201,107.0,에스프레소 베리에이션,t_8to11
9990018893247,69.0,에스프레소 베리에이션,t_14to17
9990018922334,35.0,에스프레소 베리에이션,t_8to11
9990018940929,26.0,에스프레소 베리에이션,t_14to17
9990018954171,99.0,에스프레소 베리에이션,t_17to20
9990019027271,106.0,에스프레소 베리에이션,t_8to11
9990019075472,34.0,음료,t_14to17
9990019083899,42.0,에스프레소 베리에이션,t_11to14
9990019098192,100.0,에스프레소 베리에이션,t_14to17
9990019130237,21.0,에스프레소 베리에이션,t_11to14
9990019137482,18.0,음료,t_17to20
9990019137620,61.0,에스프레소 베리에이션,t_11to14
9990019185533,1063.0,에스프레소 베리에이션,t_8to11
9990019193766,38.0,에스프레소 베리에이션,t_14to17
9990019270041,156.0,에스프레소 베리에이션,t_11to14
9990019330177,37.0,에스프레소 베리에이션,t_11to14
9990019346398,34.0,에스프레소 베리에이션,t_11to14
9990019364073,802.0,에스프레소 베리에이션,t_8to11
9990019416415,74.0,에스프레소 베리에이션,t_17to20
9990019430725,32.0,에스프레소 베리에이션,t_11to14
9990019471382,47.0,에스프레소 베리에이션,t_17to20
9990019539130,53.0,에스프레소 베리에이션,t_14to17
9990019553495,34.0,에스프레소 베리에이션,t_11to14
9990019556979,45.0,에스프레소 베리에이션,t_14to17
9990019603426,27.0,에스프레소 베리에이션,t_14to17
9990019650042,52.0,에스프레소 베리에이션,t_8to11
9990019664511,56.0,에스프레소 베리에이션,t_11to14
9990019671731,41.0,에스프레소 베리에이션,t_14to17
9990019686577,141.0,에스프레소 베리에이션,t_11to14
9990019819469,7.0,에스프레소 베리에이션,t_14to17
9990019874527,55.0,티 베리에이션,t_14to17
9990020002476,88.0,에스프레소 베리에이션,t_11to14
9990020096493,154.0,에스프레소 베리에이션,t_14to17
9990020188600,139.0,에스프레소 베리에이션,t_11to14
9990020201386,21.0,에스프레소 베리에이션,t_11to14
9990020211537,73.0,에스프레소 베리에이션,t_11to14
9990020243716,249.0,에스프레소 베리에이션,t_11to14
9990020266852,50.0,에스프레소 베리에이션,t_17to20
9990020284114,187.0,에스프레소 베리에이션,t_8to11
9990020285562,37.0,티 베리에이션,t_20to22
9990020322000,15.0,에스프레소 베리에이션,t_11to14
9990020390887,121.0,에스프레소 베리에이션,t_14to17
9990020432373,82.0,에스프레소 베리에이션,t_14to17
9990020448192,12.0,에스프레소 베리에이션,t_17to20
9990020452735,194.0,에스프레소 베리에이션,t_8to11
9990020524082,20.0,에스프레소 베리에이션,t_11to14
9990020529537,179.0,에스프레소 베리에이션,t_11to14
9990020569487,93.0,에스프레소 베리에이션,t_11to14
9990020714451,6.0,에스프레소 베리에이션,t_11to14
9990020774199,42.0,에스프레소 베리에이션,t_14to17
9990020806665,45.0,에스프레소 베리에이션,t_8to11
9990020838666,45.0,에스프레소 베리에이션,t_11to14
9990020845156,31.0,에스프레소 베리에이션,t_20to22
9990020899987,398.0,에스프레소 베리에이션,t_14to17
9990020956881,131.0,에스프레소 베리에이션,t_11to14
9990021021256,110.0,에스프레소 베리에이션,t_8to11
9990021083066,59.0,음료,t_14to17
9990021138055,66.0,에스프레소 베리에이션,t_20to22
9990021149516,48.0,에스프레소 베리에이션,t_20to22
9990021215590,79.0,에스프레소 베리에이션,t_17to20
9990021224674,259.0,에스프레소 베리에이션,t_17to20
9990021226266,147.0,음료,t_11to14
9990021244388,20.0,에스프레소 베리에이션,t_11to14
9990021299457,68.0,에스프레소 베리에이션,t_14to17
9990021311666,116.0,에스프레소 베리에이션,t_8to11
9990021322533,22.0,에스프레소 베리에이션,t_11to14
9990021326838,16.0,에스프레소 베리에이션,t_14to17
9990021328108,97.0,에스프레소 베리에이션,t_14to17
9990021334720,29.0,에스프레소 베리에이션,t_17to20
9990021368311,28.0,에스프레소 베리에이션,t_11to14
9990021378269,50.0,티 베리에이션,t_14to17
9990021381852,160.0,에스프레소 베리에이션,t_11to14
9990021383859,397.0,에스프레소 베리에이션,t_8to11
9990021417461,26.0,에스프레소 베리에이션,t_14to17
9990021421694,42.0,에스프레소 베리에이션,t_14to17
9990021492911,18.0,에스프레소 베리에이션,t_14to17
9990021503389,22.0,에스프레소 베리에이션,t_14to17
9990021539525,44.0,에스프레소 베리에이션,t_17to20
9990021576288,33.0,에스프레소 베리에이션,t_8to11
9990021642485,43.0,에스프레소 베리에이션,t_8to11
9990021650993,66.0,에스프레소 베리에이션,t_8to11
9990021718697,25.0,에스프레소 베리에이션,t_14to17
9990021726499,43.0,에스프레소 베리에이션,t_8to11
9990021756145,350.0,에스프레소 베리에이션,t_8to11
9990021806691,119.0,에스프레소 베리에이션,t_11to14
9990021814136,55.0,음료,t_11to14
9990021828470,62.0,에스프레소 베리에이션,t_8to11
9990021932648,22.0,음료,t_11to14
9990021959603,50.0,에스프레소 베리에이션,t_11to14
9990021982400,23.0,에스프레소 베리에이션,t_14to17
9990021997025,17.0,에스프레소 베리에이션,t_14to17
9990022003746,9.0,에스프레소 베리에이션,t_11to14
9990022019458,4.0,에스프레소 베리에이션,t_11to14
9990022175824,33.0,에스프레소 베리에이션,t_14to17
9990022183317,103.0,에스프레소 베리에이션,t_14to17
9990022185891,62.0,에스프레소 베리에이션,t_14to17
9990022193343,62.0,에스프레소 베리에이션,t_11to14
9990022209772,45.0,에스프레소 베리에이션,t_11to14
9990022238060,29.0,음료,t_14to17
9990022238897,235.0,에스프레소 베리에이션,t_8to11
9990022273008,116.0,에스프레소 베리에이션,t_14to17
9990022276377,81.0,에스프레소 베리에이션,t_11to14
9990022347101,104.0,에스프레소 베리에이션,t_8to11
9990022420975,284.0,에스프레소 베리에이션,t_8to11
9990022436914,40.0,에스프레소 베리에이션,t_11to14
9990022450085,58.0,에스프레소 베리에이션,t_20to22
9990022451985,89.0,에스프레소 베리에이션,t_11to14
9990022459569,37.0,에스프레소 베리에이션,t_17to20
9990022460844,168.0,에스프레소 베리에이션,t_11to14
9990022497821,27.0,에스프레소 베리에이션,t_11to14
9990022564013,24.0,에스프레소 베리에이션,t_14to17
9990022682294,58.0,에스프레소 베리에이션,t_11to14
9990022749867,110.0,에스프레소 베리에이션,t_14to17
9990022794312,12.0,음료,t_14to17
9990022892131,34.0,에스프레소 베리에이션,t_14to17
9990022971315,27.0,에스프레소 베리에이션,t_11to14
9990023079714,21.0,음료,t_11to14
9990023145489,73.0,에스프레소 베리에이션,t_14to17
9990023154162,68.0,에스프레소 베리에이션,t_11to14
9990023157475,45.0,에스프레소 베리에이션,t_11to14
9990023351191,30.0,에스프레소 베리에이션,t_17to20
9990023352899,38.0,에스프레소 베리에이션,t_20to22
9990023353215,47.0,에스프레소 베리에이션,t_14to17
9990023360365,46.0,에스프레소 베리에이션,t_14to17
9990023362998,122.0,에스프레소 베리에이션,t_8to11
9990023433170,46.0,에스프레소 베리에이션,t_14to17
9990023444266,26.0,에스프레소 베리에이션,t_11to14
9990023495511,35.0,에스프레소 베리에이션,t_14to17
9990023503754,79.0,에스프레소 베리에이션,t_11to14
9990023527761,98.0,에스프레소 베리에이션,t_11to14
9990023621778,63.0,에스프레소 베리에이션,t_11to14
9990023807388,28.0,에스프레소 베리에이션,t_14to17
9990023820096,49.0,에스프레소 베리에이션,t_11to14
9990023862756,27.0,에스프레소 베리에이션,t_14to17
9990023906952,159.0,에스프레소 베리에이션,t_8to11
9990023977716,75.0,에스프레소 베리에이션,t_14to17
9990023986547,38.0,에스프레소 베리에이션,t_8to11
9990023996756,33.0,에스프레소 베리에이션,t_14to17
9990024073781,182.0,에스프레소 베리에이션,t_8to11
9990024076872,21.0,에스프레소 베리에이션,t_14to17
9990024123074,72.0,에스프레소 베리에이션,t_14to17
9990024247533,94.0,에스프레소 베리에이션,t_14to17
9990024351170,17.0,음료,t_11to14
9990024392551,118.0,에스프레소 베리에이션,t_14to17
9990024407895,44.0,에스프레소 베리에이션,t_11to14
9990024411205,109.0,에스프레소 베리에이션,t_11to14
9990024474036,28.0,에스프레소 베리에이션,t_14to17
9990024489926,77.0,에스프레소 베리에이션,t_14to17
9990024507849,101.0,에스프레소 베리에이션,t_11to14
9990024522721,49.0,에스프레소 베리에이션,t_17to20
9990024549938,98.0,에스프레소 베리에이션,t_8to11
9990024550914,82.0,에스프레소 베리에이션,t_17to20
9990024593373,73.0,에스프레소 베리에이션,t_17to20
9990024671516,42.0,에스프레소 베리에이션,t_17to20
9990024910808,32.0,에스프레소 베리에이션,t_14to17
9990024941891,23.0,음료,t_17to20
9990025027814,20.0,에스프레소 베리에이션,t_17to20
9990025126478,128.0,에스프레소 베리에이션,t_11to14
9990025185941,81.0,에스프레소 베리에이션,t_14to17
9990025318936,30.0,에스프레소 베리에이션,t_8to11
9990025326243,72.0,에스프레소 베리에이션,t_14to17
9990025337204,61.0,에스프레소 베리에이션,t_14to17
9990025360376,86.0,에스프레소 베리에이션,t_14to17
9990025374979,50.0,에스프레소 베리에이션,t_11to14
9990025391784,16.0,에스프레소 베리에이션,t_8to11
9990025517917,49.0,에스프레소 베리에이션,t_11to14
9990025525298,94.0,에스프레소 베리에이션,t_14to17
9990025574353,32.0,티 베리에이션,t_17to20
9990025599124,54.0,에스프레소 베리에이션,t_8to11
9990025681189,65.0,음료,t_11to14
9990025685538,56.0,에스프레소 베리에이션,t_14to17
9990025758332,33.0,에스프레소 베리에이션,t_17to20
9990025946943,18.0,에스프레소 베리에이션,t_17to20
9990026183036,300.0,에스프레소 베리에이션,t_8to11
9990026278425,32.0,에스프레소 베리에이션,t_14to17
9990026379068,32.0,에스프레소 베리에이션,t_8to11
9990026404813,62.0,에스프레소 베리에이션,t_14to17
9990026452598,61.0,에스프레소 베리에이션,t_14to17
9990026521607,92.0,에스프레소 베리에이션,t_17to20
9990026621931,69.0,티 베리에이션,t_8to11
9990026673881,18.0,에스프레소 베리에이션,t_11to14
9990026731395,155.0,에스프레소 베리에이션,t_17to20
9990026857601,109.0,에스프레소 베리에이션,t_17to20
9990026960419,26.0,에스프레소 베리에이션,t_14to17
9990027100867,41.0,에스프레소 베리에이션,t_14to17
9990027439113,149.0,에스프레소 베리에이션,t_17to20
9990027515482,134.0,에스프레소 베리에이션,t_14to17
9990027686315,15.0,음료,t_17to20
9990027687139,84.0,에스프레소 베리에이션,t_20to22
9990027731751,49.0,음료,t_14to17
9990027762302,48.0,에스프레소 베리에이션,t_17to20
9990028039811,13.0,에스프레소 베리에이션,t_14to17
9990028258439,88.0,에스프레소 베리에이션,t_8to11
9990028334031,70.0,에스프레소 베리에이션,t_14to17
9990028378691,27.0,에스프레소 베리에이션,t_11to14
9990028510898,61.0,음료,t_17to20
9990028594642,31.0,에스프레소 베리에이션,t_14to17
9990028655239,809.0,에스프레소 베리에이션,t_14to17
9990028844115,39.0,에스프레소 베리에이션,t_8to11
9990028929899,363.0,에스프레소 베리에이션,t_8to11
9990028973635,107.0,에스프레소 베리에이션,t_11to14
9990029026380,72.0,에스프레소 베리에이션,t_8to11
9990029056288,46.0,티 베리에이션,t_17to20
9990029221511,31.0,에스프레소 베리에이션,t_14to17
9990029237298,264.0,에스프레소 베리에이션,t_11to14
9990029241810,29.0,에스프레소 베리에이션,t_11to14
